filepath,filesize,checksum,dataset
/home/linus/Documents/FIT/semester_3/project_semester/wb_hnee/mj_23_24_wolf/01_Auslesung_Dez-2023__2023-04-02__19-07-23(1).JPG,2921921.0,56e3f6c17dab815aef72ed6a19c881d6d5ff0413f5494076cf561f58cc9ff680,wolf
/home/linus/Documents/FIT/semester_3/project_semester/wb_hnee/mj_23_24_wolf/01_Auslesung_Dez-2023__2023-04-02__19-07-23(2).JPG,2922822.0,5782948de0921855f999dbf88c29bf4cd185df6edd4687a25484559078e6f2d7,wolf
/home/linus/Documents/FIT/semester_3/project_semester/wb_hnee/mj_23_24_wolf/01_Auslesung_Dez-2023__2023-04-02__19-07-24(3).JPG,2921539.0,221208d0d4a33a0b42b6b9c156695b897846ec9f8550471d1f98ce1f54eb16e5,wolf
/home/linus/Documents/FIT/semester_3/project_semester/wb_hnee/mj_23_24_wolf/01_Auslesung_Dez-2023__2023-04-02__19-07-24(4).JPG,2922437.0,10afe51feac127d107ba4f66d6d190a9e39bbc7bad7af0e6a5f740dfe13a2534,wolf
/home/linus/Documents/FIT/semester_3/project_semester/wb_hnee/mj_23_24_wolf/01_Auslesung_Dez-2023__2023-04-02__19-07-25(5).JPG,2925531.0,eea9639f4524268870a6f8237789b7ca7c5ab5be2fc3062ff4f199d3deb4fcb4,wolf
/home/linus/Documents/FIT/semester_3/project_semester/wb_hnee/mj_23_24_wolf/01_Auslesung_Dez-2023__2023-04-23__23-30-17(1).JPG,227511.0,33f3815a77f30c92b11ec0ba33cb7d2cbc258e8b529d0a52fce4d5237abe7678,wolf
/home/linus/Documents/FIT/semester_3/project_semester/wb_hnee/mj_23_24_wolf/01_Auslesung_Dez-2023__2023-04-23__23-30-18(2).JPG,229014.0,e68bf0c795352f8240ec757cf32a22c8cacaee20fb9e71dc959efdefe94db981,wolf
/home/linus/Documents/FIT/semester_3/project_semester/wb_hnee/mj_23_24_wolf/01_Auslesung_Dez-2023__2023-04-23__23-30-18(3).JPG,229620.0,574f59df8af6b52d0fe453aa0a98bda5c5d8eae0db8fafdc35dc8527d104b89c,wolf
/home/linus/Documents/FIT/semester_3/project_semester/wb_hnee/mj_23_24_wolf/01_Auslesung_Dez-2023__2023-04-23__23-30-19(4).JPG,229092.0,e5bb2223a7cb9b39949d1de7d8af55cab88b127416cce07038fc0051c87f3247,wolf
/home/linus/Documents/FIT/semester_3/project_semester/wb_hnee/mj_23_24_wolf/01_Auslesung_Dez-2023__2023-04-23__23-30-19(5).JPG,229129.0,bea9505a36891c4bb8b565f00d9bb13d4dd8827687a3342cddf597525e3ccd99,wolf
/home/linus/Documents/FIT/semester_3/project_semester/wb_hnee/mj_23_24_wolf/01_Auslesung_Dez-2023__2023-04-23__23-30-20(6).JPG,226793.0,5f55c62e14874873846cfab030b28735e60f38403618def49b13faa0836ad73f,wolf
/home/linus/Documents/FIT/semester_3/project_semester/wb_hnee/mj_23_24_wolf/01_Auslesung_Dez-2023__2023-04-23__23-30-21(7).JPG,228999.0,6b8df73f146829f00e93f8f3cff312091fc5f742dd7026959396ebc223d9b933,wolf
/home/linus/Documents/FIT/semester_3/project_semester/wb_hnee/mj_23_24_wolf/01_Auslesung_Dez-2023__2023-04-23__23-30-22(8).JPG,230090.0,b854aa8abf7c128f06389da1866b600126645dbcf61f2db26c59758d464038b5,wolf
/home/linus/Documents/FIT/semester_3/project_semester/wb_hnee/mj_23_24_wolf/01_Auslesung_Dez-2023__2023-04-23__23-30-22(9).JPG,230351.0,57b15fef89a5947228f8038f096e84b497e6bca93def202d415c27d30b3b5d2d,wolf
/home/linus/Documents/FIT/semester_3/project_semester/wb_hnee/mj_23_24_wolf/01_Auslesung_Dez-2023__2023-04-23__23-30-23(10).JPG,231126.0,f7915e10962ffe216bb631b055188974fb2a3dc6699baa77bb41712c03df8f6a,wolf
/home/linus/Documents/FIT/semester_3/project_semester/wb_hnee/mj_23_24_wolf/01_Auslesung_Dez-2023__2023-04-23__23-30-26(11).JPG,227265.0,cd1d918d8304f9a69ac5c1bb6c1981e8e4f73c55dd42e0c34dfc60938a7cb70f,wolf
/home/linus/Documents/FIT/semester_3/project_semester/wb_hnee/mj_23_24_wolf/01_Auslesung_Dez-2023__2023-04-23__23-30-26(12).JPG,229644.0,0434f0313e89988381855cb7f41a5d63e408a6afeefe8bf51240b9ec08a05bdb,wolf
/home/linus/Documents/FIT/semester_3/project_semester/wb_hnee/mj_23_24_wolf/01_Auslesung_Dez-2023__2023-04-23__23-30-27(13).JPG,229155.0,3f0585d9b8c80ffd44646f099dc2877934f3f07f61352a6fdf2c5c42f4c9f116,wolf
/home/linus/Documents/FIT/semester_3/project_semester/wb_hnee/mj_23_24_wolf/01_Auslesung_Dez-2023__2023-04-23__23-30-27(14).JPG,229345.0,a09b1a3af569c61b4d1ab727af7435e1c4d877aa7d32a24195bec3cc364431d7,wolf
/home/linus/Documents/FIT/semester_3/project_semester/wb_hnee/mj_23_24_wolf/01_Auslesung_Dez-2023__2023-04-23__23-30-28(15).JPG,229030.0,c60180ba1be488137af9c99ae3d19a2ddf1eba9248748b99c9cf16864beaf631,wolf
/home/linus/Documents/FIT/semester_3/project_semester/wb_hnee/mj_23_24_wolf/01_Auslesung_Dez-2023__2023-04-23__23-30-31(16).JPG,229516.0,ba814a661ce3d3d953042158f16ebd25995bbc511ea1ee0332d52b9883c94e65,wolf
/home/linus/Documents/FIT/semester_3/project_semester/wb_hnee/mj_23_24_wolf/01_Auslesung_Dez-2023__2023-04-23__23-30-31(17).JPG,227490.0,4781d28e0fe2ce40eed6eea23b1dad6ad0f3fdb92d5c23459a706d22617996e8,wolf
/home/linus/Documents/FIT/semester_3/project_semester/wb_hnee/mj_23_24_wolf/01_Auslesung_Dez-2023__2023-04-23__23-30-32(18).JPG,229310.0,928c7af80a41aa8af4665d0376fb3a2711d9d42a80183d07f81fd676c488affa,wolf
/home/linus/Documents/FIT/semester_3/project_semester/wb_hnee/mj_23_24_wolf/01_Auslesung_Dez-2023__2023-04-23__23-30-33(19).JPG,229294.0,80ba406485ed2b669c13a961d49ef4d216c180c7ee6a1ddf95666899ef6b54b1,wolf
/home/linus/Documents/FIT/semester_3/project_semester/wb_hnee/mj_23_24_wolf/01_Auslesung_Dez-2023__2023-04-23__23-30-33(20).JPG,229508.0,51e296c702a4ab47306e74d0cc5f4251e12c5a2f01846cf542cae831de31b0f0,wolf
/home/linus/Documents/FIT/semester_3/project_semester/wb_hnee/mj_23_24_wolf/01_Auslesung_Dez-2023__2023-04-23__23-30-40(21).JPG,227693.0,75c3e859c39d6a28c82a5ce045c6769ff3694d88d823cf14a8cef09e05bd5c9d,wolf
/home/linus/Documents/FIT/semester_3/project_semester/wb_hnee/mj_23_24_wolf/01_Auslesung_Dez-2023__2023-04-23__23-30-41(22).JPG,228776.0,e0992d00d93fa256a42e3bee78f81d5c44904782efddc7429011dce1e6c9a14c,wolf
/home/linus/Documents/FIT/semester_3/project_semester/wb_hnee/mj_23_24_wolf/01_Auslesung_Dez-2023__2023-04-23__23-30-41(23).JPG,228884.0,f2125738da85c4660cb69794116546f3a14385b32d7dfe48460c35f14b422245,wolf
/home/linus/Documents/FIT/semester_3/project_semester/wb_hnee/mj_23_24_wolf/01_Auslesung_Dez-2023__2023-04-23__23-30-42(24).JPG,229121.0,7707ebf3a0bd30c2e0c6acb5b4fa02f22330bfd6e4c126bc065fc224afb4c91d,wolf
/home/linus/Documents/FIT/semester_3/project_semester/wb_hnee/mj_23_24_wolf/01_Auslesung_Dez-2023__2023-04-23__23-30-43(25).JPG,228756.0,650d0de3559cb7aede22ecbdba9c660698dcd23dc0aea1cff4d4fe0112735d24,wolf
/home/linus/Documents/FIT/semester_3/project_semester/wb_hnee/mj_23_24_wolf/01_Auslesung_Dez-2023__2023-04-23__23-30-57(26).JPG,239229.0,cba557c2289a0fb1293de43ea57f3e4e07ca7830089bac0005cfba201bd78ee5,wolf
/home/linus/Documents/FIT/semester_3/project_semester/wb_hnee/mj_23_24_wolf/01_Auslesung_Dez-2023__2023-04-23__23-30-57(27).JPG,240929.0,4d99217016dbeb93662a0fa9e0e549614a450cf42d6e80b8de56e76945475319,wolf
/home/linus/Documents/FIT/semester_3/project_semester/wb_hnee/mj_23_24_wolf/01_Auslesung_Dez-2023__2023-04-23__23-30-58(28).JPG,240840.0,ba328e36ba2a1bb5d624910bfcbdb715bc496e051b58e4b996bdea7f21d365ee,wolf
/home/linus/Documents/FIT/semester_3/project_semester/wb_hnee/mj_23_24_wolf/01_Auslesung_Dez-2023__2023-04-23__23-30-59(29).JPG,241143.0,8b2bd93ca35dd138b877c7251598ab9119e63973cdb94bbfc9e89baa62e314cd,wolf
/home/linus/Documents/FIT/semester_3/project_semester/wb_hnee/mj_23_24_wolf/01_Auslesung_Dez-2023__2023-04-23__23-30-59(30).JPG,240849.0,9d94bae36393dbec52a60adba38b3a0a48426dd36c18e445bc2a690e109eae61,wolf
/home/linus/Documents/FIT/semester_3/project_semester/wb_hnee/mj_23_24_wolf/01_Auslesung_Dez-2023__2023-04-23__23-31-00(1).JPG,227540.0,fc02db76fbb4dc868111c0912ed617550a4eca8e587cd736de603ed0176a64fa,wolf
/home/linus/Documents/FIT/semester_3/project_semester/wb_hnee/mj_23_24_wolf/01_Auslesung_Dez-2023__2023-04-23__23-31-01(2).JPG,229090.0,bf4a36b2682f8fb4b6d46abcd9cc12a27c737afa05f267f5c4569069ddf829d6,wolf
/home/linus/Documents/FIT/semester_3/project_semester/wb_hnee/mj_23_24_wolf/01_Auslesung_Dez-2023__2023-04-23__23-31-01(3).JPG,229001.0,015495d48f29b0ca72e49d6d412f7a51f184b907e74292613acf4389fbdbf3f9,wolf
/home/linus/Documents/FIT/semester_3/project_semester/wb_hnee/mj_23_24_wolf/01_Auslesung_Dez-2023__2023-04-23__23-31-02(4).JPG,230449.0,91006af72062b64e9516bf471ef42911174b8d98858706defeb4419550025d37,wolf
/home/linus/Documents/FIT/semester_3/project_semester/wb_hnee/mj_23_24_wolf/01_Auslesung_Dez-2023__2023-04-23__23-31-02(5).JPG,230050.0,205bf4a7d850d8666d636ee0a28b600bbfc0f9ce2bf9a9dbd055ff526ec1e0bb,wolf
/home/linus/Documents/FIT/semester_3/project_semester/wb_hnee/mj_23_24_wolf/01_Auslesung_Dez-2023__2023-04-23__23-31-03(6).JPG,228311.0,f7c9cda888dffcbc233760892608f14dfda158fb59d144a31a2423b9cbc3c8ba,wolf
/home/linus/Documents/FIT/semester_3/project_semester/wb_hnee/mj_23_24_wolf/01_Auslesung_Dez-2023__2023-05-09__19-35-37(1).JPG,2640698.0,5ccb3b2098b88b7240cd1e95cb390f0677800f28e40e9bf5013b7b80e90e413d,wolf
/home/linus/Documents/FIT/semester_3/project_semester/wb_hnee/mj_23_24_wolf/01_Auslesung_Dez-2023__2023-05-09__19-35-38(2).JPG,2637806.0,391eb8bb93fe4a8959c83941f4926e894994ff7716306d8b771209af129eabdd,wolf
/home/linus/Documents/FIT/semester_3/project_semester/wb_hnee/mj_23_24_wolf/01_Auslesung_Dez-2023__2023-05-09__19-35-38(3).JPG,2636160.0,d7a7288a92e512fb4bf7a1ede8ae661fc6bb7bfaef54ec9e29d35d9fe67235a3,wolf
/home/linus/Documents/FIT/semester_3/project_semester/wb_hnee/mj_23_24_wolf/01_Auslesung_Dez-2023__2023-05-09__19-35-39(4).JPG,2626595.0,bc5a6c232b7e0501150e6d5f8a0cef499d6c2506ca3fbac189225a17adbf204d,wolf
/home/linus/Documents/FIT/semester_3/project_semester/wb_hnee/mj_23_24_wolf/01_Auslesung_Dez-2023__2023-05-09__19-35-39(5).JPG,2628497.0,234017f9e04e147dffb92547091a97670bcb5ccb5c280727ffcc510b8260d124,wolf
/home/linus/Documents/FIT/semester_3/project_semester/wb_hnee/mj_23_24_wolf/01_Auslesung_Dez-2023__2023-05-09__19-36-01(1).JPG,2629801.0,c81194fe4763fec1c808954addbcae3f6f8559b462768d45e419b3ce69818415,wolf
/home/linus/Documents/FIT/semester_3/project_semester/wb_hnee/mj_23_24_wolf/01_Auslesung_Dez-2023__2023-05-09__19-36-02(2).JPG,2633352.0,5acbc1bf566054bfefffb942adeeb5f50e89f8890f1b789696108895fdd8aa66,wolf
/home/linus/Documents/FIT/semester_3/project_semester/wb_hnee/mj_23_24_wolf/01_Auslesung_Dez-2023__2023-05-09__19-36-02(3).JPG,2638600.0,2d23569a34b7fc02dce70fa346640ee4e090610700094483616196d373331f72,wolf
/home/linus/Documents/FIT/semester_3/project_semester/wb_hnee/mj_23_24_wolf/01_Auslesung_Dez-2023__2023-05-09__19-36-02(4).JPG,2643922.0,033908d4bf967cc42cff028997cee87689791a837f22cb2f3ad0cb2f33376f8e,wolf
/home/linus/Documents/FIT/semester_3/project_semester/wb_hnee/mj_23_24_wolf/01_Auslesung_Dez-2023__2023-05-09__19-36-03(5).JPG,2646056.0,e8a3b6e6d276fc5da5e2ed673f4ac19b6079ea7d7ebd0b2a6e090bc9cf6b1a55,wolf
/home/linus/Documents/FIT/semester_3/project_semester/wb_hnee/mj_23_24_wolf/01_Auslesung_Dez-2023__2023-05-10__08-22-23(1).JPG,4507805.0,c07fb2e2b61dacfdad0f9f3345c1138d6e28372a92fccd8a64afb40436b5b58a,wolf
/home/linus/Documents/FIT/semester_3/project_semester/wb_hnee/mj_23_24_wolf/01_Auslesung_Dez-2023__2023-05-10__08-22-23(2).JPG,4508630.0,193771bde79d9cbe765a7062a2e5052d4edc6c106f912ee0e24c264ee36b4977,wolf
/home/linus/Documents/FIT/semester_3/project_semester/wb_hnee/mj_23_24_wolf/01_Auslesung_Dez-2023__2023-05-10__08-22-24(3).JPG,4508928.0,f5ab6aa523c59553be643b58cd07a274e938b866a267445041f5dcbda9b5940d,wolf
/home/linus/Documents/FIT/semester_3/project_semester/wb_hnee/mj_23_24_wolf/01_Auslesung_Dez-2023__2023-05-10__08-22-24(4).JPG,4508794.0,9feda3ca54d98d8595c31415f00deeb279c49965b685ffebe8a06bbd9716c81a,wolf
/home/linus/Documents/FIT/semester_3/project_semester/wb_hnee/mj_23_24_wolf/01_Auslesung_Dez-2023__2023-05-10__08-22-24(5).JPG,4510414.0,3d831f17e1dbc9eb5eec4061679cf5a6aa5a14dc55869b546579eeaba89ed9e1,wolf
/home/linus/Documents/FIT/semester_3/project_semester/wb_hnee/mj_23_24_wolf/01_Auslesung_Dez-2023__2023-05-17__20-03-45(1).JPG,4608531.0,97cbd2f358984e6892225d2701e0eaf0002b02731f129353b9c0f95a1ec14b62,wolf
/home/linus/Documents/FIT/semester_3/project_semester/wb_hnee/mj_23_24_wolf/01_Auslesung_Dez-2023__2023-05-17__20-03-45(2).JPG,4592020.0,2dc534176eef1ae8ee37628491c6c985a497948b9b19acaf659d20e922831eac,wolf
/home/linus/Documents/FIT/semester_3/project_semester/wb_hnee/mj_23_24_wolf/01_Auslesung_Dez-2023__2023-05-17__20-03-46(3).JPG,4599811.0,7706ab4d4ec904a7b62bb6ed2dd48a362f563b79abf1b61b43984fad78806359,wolf
/home/linus/Documents/FIT/semester_3/project_semester/wb_hnee/mj_23_24_wolf/01_Auslesung_Dez-2023__2023-05-17__20-03-46(4).JPG,4596842.0,5b64868b0957454fd9b2b93ef2eeeffb1af881098dd85521848ef43348921cfa,wolf
/home/linus/Documents/FIT/semester_3/project_semester/wb_hnee/mj_23_24_wolf/01_Auslesung_Dez-2023__2023-05-17__20-03-46(5).JPG,4599039.0,aa4c50f4a292a76db63eaad18e91ddd0cfc8da43554b34580823cc17e1d6cd75,wolf
/home/linus/Documents/FIT/semester_3/project_semester/wb_hnee/mj_23_24_wolf/01_Auslesung_Dez-2023__2023-05-19__23-09-20(1).JPG,237652.0,dd73d496147f5cd5c61fce6821450db09896ad3eceb9701c62d3ea69708d5a28,wolf
/home/linus/Documents/FIT/semester_3/project_semester/wb_hnee/mj_23_24_wolf/01_Auslesung_Dez-2023__2023-05-19__23-09-20(2).JPG,235861.0,2d2874e20dc7f2a26cb0b8dba30d32e23f7fe43fcd0974dceef0e94051de122a,wolf
/home/linus/Documents/FIT/semester_3/project_semester/wb_hnee/mj_23_24_wolf/01_Auslesung_Dez-2023__2023-05-19__23-09-21(3).JPG,236743.0,d3d50ba06bd1f28b3df34991fdaf7f4a5a7efd149fe1728ed05c6b76e5f48373,wolf
/home/linus/Documents/FIT/semester_3/project_semester/wb_hnee/mj_23_24_wolf/01_Auslesung_Dez-2023__2023-05-19__23-09-22(4).JPG,237368.0,3096c97ad4b22997ca5e9f1842255e8b9ba6be6fedb59bc75f8efb514a038a91,wolf
/home/linus/Documents/FIT/semester_3/project_semester/wb_hnee/mj_23_24_wolf/01_Auslesung_Dez-2023__2023-05-19__23-09-22(5).JPG,237369.0,a99cdfe665c4ce6799f075f35331cc8992600e10d76bb70a880355038a3bcf2a,wolf
/home/linus/Documents/FIT/semester_3/project_semester/wb_hnee/mj_23_24_wolf/01_Auslesung_Dez-2023__2023-05-19__23-09-23(6).JPG,225430.0,8d956679f7c4d7de8f4694ef459c86f9bab4e190a6b289be6b2b9f83ff29454a,wolf
/home/linus/Documents/FIT/semester_3/project_semester/wb_hnee/mj_23_24_wolf/01_Auslesung_Dez-2023__2023-05-25__23-51-41(1).JPG,3083074.0,a17a60f023e52598e35a35d40cefa9e0ad80c99106e8e3dacd37176005425228,wolf
/home/linus/Documents/FIT/semester_3/project_semester/wb_hnee/mj_23_24_wolf/01_Auslesung_Dez-2023__2023-05-25__23-51-41(2).JPG,3086621.0,d7c8281f6b2998769ecb18e1f0fe445b418c9c82e6cd6e4a13640043e0975272,wolf
/home/linus/Documents/FIT/semester_3/project_semester/wb_hnee/mj_23_24_wolf/01_Auslesung_Dez-2023__2023-05-25__23-51-42(3).JPG,3088024.0,e2b3d7e10aafca6dd1d124978d61811812c3061a0f467e41b4de0b0b85b4329f,wolf
/home/linus/Documents/FIT/semester_3/project_semester/wb_hnee/mj_23_24_wolf/01_Auslesung_Dez-2023__2023-05-25__23-51-42(4).JPG,3085953.0,6bd87b0daac58e6c3cdc8f6bf00321db822c26ae7243f64a6a9fa1cc06623b7d,wolf
/home/linus/Documents/FIT/semester_3/project_semester/wb_hnee/mj_23_24_wolf/01_Auslesung_Dez-2023__2023-05-25__23-51-43(5).JPG,3086979.0,c7601a0f588e9397295ff3834754e3cfb6c99f60d4f7fd212a67a7ffea256185,wolf
/home/linus/Documents/FIT/semester_3/project_semester/wb_hnee/mj_23_24_wolf/01_Auslesung_Dez-2023__2023-05-25__23-52-26(1).JPG,3060532.0,b16c971abfdbcfb211a86c5becc54efcb80d21b250d0ea748eca53830bff91de,wolf
/home/linus/Documents/FIT/semester_3/project_semester/wb_hnee/mj_23_24_wolf/01_Auslesung_Dez-2023__2023-05-25__23-52-27(2).JPG,3048331.0,9e6a58ea6e106f57e1d877726ccad4bdbef7db37b74f10d62631077eb5e6c89b,wolf
/home/linus/Documents/FIT/semester_3/project_semester/wb_hnee/mj_23_24_wolf/01_Auslesung_Dez-2023__2023-05-25__23-52-27(3).JPG,3042430.0,250acad0714adf549ecf7ed3d4d659fc24cf253c9249d97da36a5cf8519ed625,wolf
/home/linus/Documents/FIT/semester_3/project_semester/wb_hnee/mj_23_24_wolf/01_Auslesung_Dez-2023__2023-05-25__23-52-28(4).JPG,3043684.0,04c9bf95d9ba5b6e137a6780aaec04fd6da575b316c1c70fe2880ae41085cc12,wolf
/home/linus/Documents/FIT/semester_3/project_semester/wb_hnee/mj_23_24_wolf/01_Auslesung_Dez-2023__2023-05-25__23-52-28(5).JPG,3041046.0,d1f570f4fc0e4fbb843e274c26b4b7af615b115f79e2582267c66381f7dfbe17,wolf
/home/linus/Documents/FIT/semester_3/project_semester/wb_hnee/mj_23_24_wolf/01_Auslesung_Dez-2023__2023-05-25__23-53-12(1).JPG,3086110.0,15de829b10296b46baf3a5379e727034f55d8d3292eaa2afe4b8a86c75e43f45,wolf
/home/linus/Documents/FIT/semester_3/project_semester/wb_hnee/mj_23_24_wolf/01_Auslesung_Dez-2023__2023-05-25__23-53-13(2).JPG,3079702.0,80cefee19fd941684ab40a1e57e241fa9808f59f0899b8192e43873491c4d008,wolf
/home/linus/Documents/FIT/semester_3/project_semester/wb_hnee/mj_23_24_wolf/01_Auslesung_Dez-2023__2023-05-25__23-53-13(3).JPG,3076216.0,0695fe6f9b48178bbe6e5da5fa8fa3052f44103738f957b21ee59bdf123c23a9,wolf
/home/linus/Documents/FIT/semester_3/project_semester/wb_hnee/mj_23_24_wolf/01_Auslesung_Dez-2023__2023-05-25__23-53-14(4).JPG,3076524.0,6645b0a9c455a8d462906eca56638dd947471fbd906dd843302595f2f6d1cc0e,wolf
/home/linus/Documents/FIT/semester_3/project_semester/wb_hnee/mj_23_24_wolf/01_Auslesung_Dez-2023__2023-05-25__23-53-14(5).JPG,3071887.0,51a45985c1d85fdf3b7bed6a33a997454667476c6dd6373e308afbd737028799,wolf
/home/linus/Documents/FIT/semester_3/project_semester/wb_hnee/mj_23_24_wolf/01_Auslesung_Dez-2023__2023-05-26__03-11-52(1).JPG,3050703.0,3ba9dd98965196b9b728c11366e4b9795f2451e583896bc15f9f8a9e8107ddb5,wolf
/home/linus/Documents/FIT/semester_3/project_semester/wb_hnee/mj_23_24_wolf/01_Auslesung_Dez-2023__2023-05-26__03-11-52(2).JPG,3050718.0,48c797d97544685f3539d863b025c252c255759def3339f5ee43507573810cbd,wolf
/home/linus/Documents/FIT/semester_3/project_semester/wb_hnee/mj_23_24_wolf/01_Auslesung_Dez-2023__2023-05-26__03-11-52(3).JPG,3064792.0,5b912cb98cd4cec6b59dc231e7d4213111b604a6301ca127105538aa153e0995,wolf
/home/linus/Documents/FIT/semester_3/project_semester/wb_hnee/mj_23_24_wolf/01_Auslesung_Dez-2023__2023-05-26__03-11-53(4).JPG,3052923.0,2d5986f9d5f9a286e2489bb446e8e7c02cf0f550ad53083c24ff8e99ffc02c4a,wolf
/home/linus/Documents/FIT/semester_3/project_semester/wb_hnee/mj_23_24_wolf/01_Auslesung_Dez-2023__2023-05-26__03-11-53(5).JPG,3050945.0,bc2b21b1cb6e895b23495207fdcf1a1faea04ccafbbfdf139e18987a5f0524c9,wolf
/home/linus/Documents/FIT/semester_3/project_semester/wb_hnee/mj_23_24_wolf/01_Auslesung_Dez-2023__2023-05-26__03-12-41(1).JPG,3052865.0,3e01ae504b17cab306fa505c72969383fc086107557f4996dec28e465ddcce27,wolf
/home/linus/Documents/FIT/semester_3/project_semester/wb_hnee/mj_23_24_wolf/01_Auslesung_Dez-2023__2023-05-26__03-12-41(2).JPG,3068672.0,06af6f7d30c6cdbf4628eb289e85ce596bb88f02205855638f505350ffdc443c,wolf
/home/linus/Documents/FIT/semester_3/project_semester/wb_hnee/mj_23_24_wolf/01_Auslesung_Dez-2023__2023-05-26__03-12-42(3).JPG,3054351.0,84309ed2fc94cc77dc97af0b6c5ca52dd3bc35840b51b17a1c67285922361f7a,wolf
/home/linus/Documents/FIT/semester_3/project_semester/wb_hnee/mj_23_24_wolf/01_Auslesung_Dez-2023__2023-05-26__03-12-42(4).JPG,3052529.0,b51a9a5fd4f80cbcb851c636b7067f76d063e6df063e4db8714d8569bca857d9,wolf
/home/linus/Documents/FIT/semester_3/project_semester/wb_hnee/mj_23_24_wolf/01_Auslesung_Dez-2023__2023-05-26__03-12-43(5).JPG,3055818.0,0b8e6ea932faf606a1e35f78c41bdc2b41d05b8c558db936004738192fb2f712,wolf
/home/linus/Documents/FIT/semester_3/project_semester/wb_hnee/mj_23_24_wolf/01_Auslesung_Dez-2023__2023-05-30__23-06-02(1).JPG,228244.0,e8698371d2e6193235f53e5f66a3dfd2bc8a298f98338c67ff0a2735f154bf68,wolf
/home/linus/Documents/FIT/semester_3/project_semester/wb_hnee/mj_23_24_wolf/01_Auslesung_Dez-2023__2023-05-30__23-06-02(2).JPG,227961.0,91db6c4184f42e6cd22c80dbf4df73ccf4eca6526374de1e11d014cd2b32f714,wolf
/home/linus/Documents/FIT/semester_3/project_semester/wb_hnee/mj_23_24_wolf/01_Auslesung_Dez-2023__2023-05-30__23-06-03(3).JPG,228287.0,2a4cca78bc2b9d9e1ffcff357673643012039e3c81f1cf02945d459b8be670d3,wolf
/home/linus/Documents/FIT/semester_3/project_semester/wb_hnee/mj_23_24_wolf/01_Auslesung_Dez-2023__2023-05-30__23-06-04(4).JPG,228705.0,bf4e05796fe78768868dbcbc1832a3a68113754082e53ac7d23a69072833c68d,wolf
/home/linus/Documents/FIT/semester_3/project_semester/wb_hnee/mj_23_24_wolf/01_Auslesung_Dez-2023__2023-05-30__23-06-04(5).JPG,228166.0,3d697c39f8ef86f0ef785be4b4be5f6d5c0cc5d5d81a2c1fba05187a96f0f8f1,wolf
/home/linus/Documents/FIT/semester_3/project_semester/wb_hnee/mj_23_24_wolf/01_Auslesung_Dez-2023__2023-06-04__14-44-04(1).JPG,5296341.0,74a59d806f2ac3c29eaf61a4d8c215ab767bb91998889446e5ed81bedca4aacd,wolf
/home/linus/Documents/FIT/semester_3/project_semester/wb_hnee/mj_23_24_wolf/01_Auslesung_Dez-2023__2023-06-04__14-44-04(2).JPG,5296422.0,9bcd247efc33eee242ca15776fdaf1716256afa210e605d8d86015f35fe9ebc7,wolf
/home/linus/Documents/FIT/semester_3/project_semester/wb_hnee/mj_23_24_wolf/01_Auslesung_Dez-2023__2023-06-04__14-44-04(3).JPG,5288010.0,4230dc40595712512305451ed72eb9317a6a6e6d81620f15d9d9c664f747c1ca,wolf
/home/linus/Documents/FIT/semester_3/project_semester/wb_hnee/mj_23_24_wolf/01_Auslesung_Dez-2023__2023-06-04__14-44-05(4).JPG,5299054.0,8d6764f4fb9e5a7dd6f73e3271c595042ec6c1b6dbe06e24e85fd5b71363f698,wolf
/home/linus/Documents/FIT/semester_3/project_semester/wb_hnee/mj_23_24_wolf/01_Auslesung_Dez-2023__2023-06-04__14-44-05(5).JPG,5302826.0,13efe1fcddfe0d86e877dc8d14279021fc551443c98e05909174eb1068897b51,wolf
/home/linus/Documents/FIT/semester_3/project_semester/wb_hnee/mj_23_24_wolf/01_Auslesung_Dez-2023__2023-06-04__14-45-15(1).JPG,5307684.0,e2512d1bf315a0450738a0f223c2b0aed3f85bec472a9f5a83122841805f4e1b,wolf
/home/linus/Documents/FIT/semester_3/project_semester/wb_hnee/mj_23_24_wolf/01_Auslesung_Dez-2023__2023-06-04__14-45-15(2).JPG,5307280.0,b2e8ddef62451ae81baf5f046a264b525b926535e50e9c95a631d77a5369a9ac,wolf
/home/linus/Documents/FIT/semester_3/project_semester/wb_hnee/mj_23_24_wolf/01_Auslesung_Dez-2023__2023-06-04__14-45-16(3).JPG,5307220.0,81da9917ffba9aeea6ef4aba32dfd15f6d946ed305d1a71fd0feb59f2ad06cf1,wolf
/home/linus/Documents/FIT/semester_3/project_semester/wb_hnee/mj_23_24_wolf/01_Auslesung_Dez-2023__2023-06-04__14-45-16(4).JPG,5310205.0,f6fa8d3cded10140a82c6b224f06ca534156fdcb25ae898a059a2f6786a47199,wolf
/home/linus/Documents/FIT/semester_3/project_semester/wb_hnee/mj_23_24_wolf/01_Auslesung_Dez-2023__2023-06-04__14-45-16(5).JPG,5309914.0,30cdb8f800a771dcc44046449cf4a39fb2134ef68254ac5b640e9fb8f8d41092,wolf
/home/linus/Documents/FIT/semester_3/project_semester/wb_hnee/mj_23_24_wolf/01_Auslesung_Dez-2023__2023-06-04__21-22-37(1).JPG,4132189.0,1f6f51a86b6f510f3dc0c65c17165bf0f2cc924fe0f29f791597f347e20efe08,wolf
/home/linus/Documents/FIT/semester_3/project_semester/wb_hnee/mj_23_24_wolf/01_Auslesung_Dez-2023__2023-06-04__21-22-38(2).JPG,4135986.0,416d4b85b2db17f83b0a7a983a664f42237139b21e9d729c320c2174b322df41,wolf
/home/linus/Documents/FIT/semester_3/project_semester/wb_hnee/mj_23_24_wolf/01_Auslesung_Dez-2023__2023-06-04__21-22-38(3).JPG,4132183.0,1fa3787410e8aed57aa95f40e72b5742d442b4d8868c8e4e96e39e21222176ee,wolf
/home/linus/Documents/FIT/semester_3/project_semester/wb_hnee/mj_23_24_wolf/01_Auslesung_Dez-2023__2023-06-04__21-22-38(4).JPG,4135093.0,df346c1fbc7fdc4bfc027d7893c0708a0f23ba8cd3049f5133217a574ae7323c,wolf
/home/linus/Documents/FIT/semester_3/project_semester/wb_hnee/mj_23_24_wolf/01_Auslesung_Dez-2023__2023-06-04__21-22-39(5).JPG,4137363.0,7e1995f25701c4730ea27dc7ce26240ea9cc77d6a820f913e92694860e002d54,wolf
/home/linus/Documents/FIT/semester_3/project_semester/wb_hnee/mj_23_24_wolf/01_Auslesung_Dez-2023__2023-06-04__21-23-02(1).JPG,4121106.0,6003a418ce502b46b2ecd2d904f08f36768d2a8141a79f4440ee38671038cd97,wolf
/home/linus/Documents/FIT/semester_3/project_semester/wb_hnee/mj_23_24_wolf/01_Auslesung_Dez-2023__2023-06-04__21-23-02(2).JPG,4123587.0,62ed3e4aad72547b7807cea2fe532fa09716c888be710a8dd2b60cbedab7a88d,wolf
/home/linus/Documents/FIT/semester_3/project_semester/wb_hnee/mj_23_24_wolf/01_Auslesung_Dez-2023__2023-06-04__21-23-02(3).JPG,4129983.0,abc3625eaff93dcfcfc14f34c7bb90bd0fa1aae04864f02c9b1a05598ccf9e54,wolf
/home/linus/Documents/FIT/semester_3/project_semester/wb_hnee/mj_23_24_wolf/01_Auslesung_Dez-2023__2023-06-04__21-23-03(4).JPG,4120316.0,ea08b8e44bac5f7de2821cb244d8c964cead5c3686e8fae1bcaf6aac3e55ee4c,wolf
/home/linus/Documents/FIT/semester_3/project_semester/wb_hnee/mj_23_24_wolf/01_Auslesung_Dez-2023__2023-06-04__21-23-03(5).JPG,4122736.0,d5265b6d5e5b2bb01f5ef74b318fd60b1954808dbb6b88017a053741d26482ad,wolf
/home/linus/Documents/FIT/semester_3/project_semester/wb_hnee/mj_23_24_wolf/01_Auslesung_Dez-2023__2023-06-04__21-23-34(6).JPG,4029604.0,6b5e96d7fc49a73237d93aecca409b76c93d6ce1dbfc30a45eb09aa275516d3f,wolf
/home/linus/Documents/FIT/semester_3/project_semester/wb_hnee/mj_23_24_wolf/01_Auslesung_Dez-2023__2023-06-04__21-23-34(7).JPG,4018814.0,dcafec4bf6c204e5ba50da4dfd837db07d3cd75acfd5b70b5777e89203b77098,wolf
/home/linus/Documents/FIT/semester_3/project_semester/wb_hnee/mj_23_24_wolf/01_Auslesung_Dez-2023__2023-06-04__21-23-34(8).JPG,4016575.0,9237b94434832431f587aedb5e76207642d30cbd3024cc648bc04e48de6b7b8e,wolf
/home/linus/Documents/FIT/semester_3/project_semester/wb_hnee/mj_23_24_wolf/01_Auslesung_Dez-2023__2023-06-04__21-23-35(10).JPG,4019722.0,d98ba3b1edfe18607937feba1b226d7115ec3379055e14832325afcc58914058,wolf
/home/linus/Documents/FIT/semester_3/project_semester/wb_hnee/mj_23_24_wolf/01_Auslesung_Dez-2023__2023-06-04__21-23-35(9).JPG,4018329.0,2b57fb2b67d7476c337f717cfc30272580d9eb346c37c25cd10b8b2b9f7a14c3,wolf
/home/linus/Documents/FIT/semester_3/project_semester/wb_hnee/mj_23_24_wolf/01_Auslesung_Dez-2023__2023-06-04__21-23-58(11).JPG,4070890.0,e23b6048e2e648653f331093c52edfbe701baa727fcb60dee6db12a523f6c2e8,wolf
/home/linus/Documents/FIT/semester_3/project_semester/wb_hnee/mj_23_24_wolf/01_Auslesung_Dez-2023__2023-06-04__21-23-58(12).JPG,4055255.0,3531b733c093987e239fec7ce86cedfc037e8cba21015afcfba70d301ee6fa03,wolf
/home/linus/Documents/FIT/semester_3/project_semester/wb_hnee/mj_23_24_wolf/01_Auslesung_Dez-2023__2023-06-04__21-23-59(13).JPG,4056095.0,3d6652437b63846635b32dcb1a2466dcb2a7e1c5c50fa0ca8df6bc2628b9a699,wolf
/home/linus/Documents/FIT/semester_3/project_semester/wb_hnee/mj_23_24_wolf/01_Auslesung_Dez-2023__2023-06-04__21-23-59(14).JPG,4058332.0,a87bc1d63d125135e493eeeb42b5e7bb41b31ab69177f5bc5dc9823af9b33fa0,wolf
/home/linus/Documents/FIT/semester_3/project_semester/wb_hnee/mj_23_24_wolf/01_Auslesung_Dez-2023__2023-06-04__21-24-00(1).JPG,4053589.0,3a4ab7326e06ad9a48f35d290f8b6e9a531bd1c0899f659fdaac92892870e55e,wolf
/home/linus/Documents/FIT/semester_3/project_semester/wb_hnee/mj_23_24_wolf/01_Auslesung_Dez-2023__2023-06-04__21-24-24(2).JPG,4091004.0,be753c0e5e5b6c1aecf6b70311483fcb36e25ba3c35c130f6c26ac2470135be4,wolf
/home/linus/Documents/FIT/semester_3/project_semester/wb_hnee/mj_23_24_wolf/01_Auslesung_Dez-2023__2023-06-04__21-24-25(3).JPG,4082216.0,4f62ebae718eadf81ad7449a5fbc280c165393272c7fce2f1ecef70735b06266,wolf
/home/linus/Documents/FIT/semester_3/project_semester/wb_hnee/mj_23_24_wolf/01_Auslesung_Dez-2023__2023-06-04__21-24-25(4).JPG,4079565.0,fddadb00ab7dc101909d75b1c8204b9b47fab5b16a730b8bca1d5b1416c0e10f,wolf
/home/linus/Documents/FIT/semester_3/project_semester/wb_hnee/mj_23_24_wolf/01_Auslesung_Dez-2023__2023-06-04__21-24-25(5).JPG,4079217.0,b03965819c60cd5d26e0c0a6d6c5c304af824e8ea24a67a81ca7c2f1d975f249,wolf
/home/linus/Documents/FIT/semester_3/project_semester/wb_hnee/mj_23_24_wolf/01_Auslesung_Dez-2023__2023-06-04__21-24-26(6).JPG,4078710.0,1b9635e8c38565925c4e695a3dfed0d2c7b05175a66bd464c01a545ccfd3109e,wolf
/home/linus/Documents/FIT/semester_3/project_semester/wb_hnee/mj_23_24_wolf/01_Auslesung_Dez-2023__2023-06-04__21-24-47(7).JPG,4112677.0,fd3e8059dcaa13881a77d988e3a2c9467280ec0c17895ed14da066d3bc8333ab,wolf
/home/linus/Documents/FIT/semester_3/project_semester/wb_hnee/mj_23_24_wolf/01_Auslesung_Dez-2023__2023-06-04__21-24-48(10).JPG,4104553.0,e3aac3e8e5356a8bad6826d51fc4cb0869dcb2c2385c29f82ede56280a1dfce4,wolf
/home/linus/Documents/FIT/semester_3/project_semester/wb_hnee/mj_23_24_wolf/01_Auslesung_Dez-2023__2023-06-04__21-24-48(8).JPG,4098487.0,5be9f2b6dd9b668a22f609a021b46bf0fc80d471f9b8d8952fb8fb24a0d53159,wolf
/home/linus/Documents/FIT/semester_3/project_semester/wb_hnee/mj_23_24_wolf/01_Auslesung_Dez-2023__2023-06-04__21-24-48(9).JPG,4104435.0,b967bcb8caa62883de97afea5cc436e15609f12de1c9e1494e3d84213f498f6b,wolf
/home/linus/Documents/FIT/semester_3/project_semester/wb_hnee/mj_23_24_wolf/01_Auslesung_Dez-2023__2023-06-04__21-24-49(11).JPG,4103090.0,73a6de8f1274b7ca77de7fa602d91b43a751e4f740831556fd2fd6718e0fd4bd,wolf
/home/linus/Documents/FIT/semester_3/project_semester/wb_hnee/mj_23_24_wolf/01_Auslesung_Dez-2023__2023-06-04__21-25-14(1).JPG,4159042.0,bb7a0d44bd4ebdfb080fb453f97f80823c8ee5cee8ca4c8783264b2d7f17cb4c,wolf
/home/linus/Documents/FIT/semester_3/project_semester/wb_hnee/mj_23_24_wolf/01_Auslesung_Dez-2023__2023-06-04__21-25-14(2).JPG,4148069.0,334537caa1de6dbf76254992ffe9ecc288e9d1094b83fb5c7c03d71a4fcc466d,wolf
/home/linus/Documents/FIT/semester_3/project_semester/wb_hnee/mj_23_24_wolf/01_Auslesung_Dez-2023__2023-06-04__21-25-15(3).JPG,4152500.0,0741259924b5ea8b19691811393ee3b7a0b1782f2a4675cf671b36b49bcf48c6,wolf
/home/linus/Documents/FIT/semester_3/project_semester/wb_hnee/mj_23_24_wolf/01_Auslesung_Dez-2023__2023-06-04__21-25-15(4).JPG,4149949.0,2fca3a09a1dd351ff6a2d5ced8a4f64e41f10d14910a42de727b009d667fbe07,wolf
/home/linus/Documents/FIT/semester_3/project_semester/wb_hnee/mj_23_24_wolf/01_Auslesung_Dez-2023__2023-06-04__21-25-16(5).JPG,4145666.0,d8b9e1268b1e511815cc0bd2a68e4692d284080b69d945f72926279ec6f20734,wolf
/home/linus/Documents/FIT/semester_3/project_semester/wb_hnee/mj_23_24_wolf/01_Auslesung_Dez-2023__2023-06-04__21-26-01(1).JPG,3602082.0,4978f65d2b51576675afc9b7ce2185467b39383b877faa022d7ef72aad77cd33,wolf
/home/linus/Documents/FIT/semester_3/project_semester/wb_hnee/mj_23_24_wolf/01_Auslesung_Dez-2023__2023-06-04__21-26-01(2).JPG,3615062.0,f4be71ab323adc441c732fa60c8a4eac4aecda3f569674b3c61f9cdac1274977,wolf
/home/linus/Documents/FIT/semester_3/project_semester/wb_hnee/mj_23_24_wolf/01_Auslesung_Dez-2023__2023-06-04__21-26-02(3).JPG,3599904.0,ecd422607c90debe63dedaccc4a8aae00be46a0a2e441c0c6afecf3b3414e7cb,wolf
/home/linus/Documents/FIT/semester_3/project_semester/wb_hnee/mj_23_24_wolf/01_Auslesung_Dez-2023__2023-06-04__21-26-02(4).JPG,3602044.0,2163047a230bc3370c6c7dcb5ad9c8b6fc7bc1c4c2714aa3e20b24c08b1fc7cd,wolf
/home/linus/Documents/FIT/semester_3/project_semester/wb_hnee/mj_23_24_wolf/01_Auslesung_Dez-2023__2023-06-04__21-26-03(5).JPG,3598237.0,2aa1115784a14c630ba88f92c0246b96577527c7853516fb18e9379a15ee5873,wolf
/home/linus/Documents/FIT/semester_3/project_semester/wb_hnee/mj_23_24_wolf/01_Auslesung_Dez-2023__2023-06-04__21-26-37(6).JPG,3666465.0,41929c01fda689d7f7852fba3762b9295d9be88bd7be1ba76db87e5187a91f5b,wolf
/home/linus/Documents/FIT/semester_3/project_semester/wb_hnee/mj_23_24_wolf/01_Auslesung_Dez-2023__2023-06-04__21-26-37(7).JPG,3676778.0,a35f5ce4307772e1a3bce595c0d63940f7999ca5a684b2d724f323d2ee23a27c,wolf
/home/linus/Documents/FIT/semester_3/project_semester/wb_hnee/mj_23_24_wolf/01_Auslesung_Dez-2023__2023-06-04__21-26-37(8).JPG,3666711.0,41d9382929285a0670d871849ed2c895544f6a1406f9959f826fd27c5df2b8b9,wolf
/home/linus/Documents/FIT/semester_3/project_semester/wb_hnee/mj_23_24_wolf/01_Auslesung_Dez-2023__2023-06-04__21-26-38(10).JPG,3665899.0,06d7e08062a106a6aab40e4e4067bf02a145469c7d9832261ff0ae2b6464de54,wolf
/home/linus/Documents/FIT/semester_3/project_semester/wb_hnee/mj_23_24_wolf/01_Auslesung_Dez-2023__2023-06-04__21-26-38(9).JPG,3666289.0,b5ddb542c48e3cf271182f6d28b2a449ef3735de18f1d899594605f6e5550583,wolf
/home/linus/Documents/FIT/semester_3/project_semester/wb_hnee/mj_23_24_wolf/01_Auslesung_Dez-2023__2023-06-04__21-27-01(1).JPG,3727161.0,97fae81bd303e54273a8f92f3c77c4d0f6a2772b69eb91dd2582090ea88b4061,wolf
/home/linus/Documents/FIT/semester_3/project_semester/wb_hnee/mj_23_24_wolf/01_Auslesung_Dez-2023__2023-06-04__21-27-02(2).JPG,3715746.0,d449a9747a01839d0a87cd7a2b2417cc4c04adc0b2a434b9cd2dc088926e1be5,wolf
/home/linus/Documents/FIT/semester_3/project_semester/wb_hnee/mj_23_24_wolf/01_Auslesung_Dez-2023__2023-06-04__21-27-02(3).JPG,3711795.0,d177ed122a7a6f31dee16f5ab9d0ea46cba792644aa9ebd9f6bf738b1ab3c55b,wolf
/home/linus/Documents/FIT/semester_3/project_semester/wb_hnee/mj_23_24_wolf/01_Auslesung_Dez-2023__2023-06-04__21-27-02(4).JPG,3714441.0,80de0d90543eea8a7b7516a99022a146aea90c0c38ef36ae3e022819c974d773,wolf
/home/linus/Documents/FIT/semester_3/project_semester/wb_hnee/mj_23_24_wolf/01_Auslesung_Dez-2023__2023-06-04__21-27-03(5).JPG,3709836.0,f94932cbac08720638f1d22fc1db484d72a16ba45944566a880eacdd17b77e08,wolf
/home/linus/Documents/FIT/semester_3/project_semester/wb_hnee/mj_23_24_wolf/01_Auslesung_Dez-2023__2023-06-06__02-41-31(1).JPG,3063973.0,cb3c75846153439236d4c758c8bf230c57d0a6d6effec86553be236fb7f574c1,wolf
/home/linus/Documents/FIT/semester_3/project_semester/wb_hnee/mj_23_24_wolf/01_Auslesung_Dez-2023__2023-06-06__02-41-31(2).JPG,3071636.0,edfdc77bf60b7f67bd02cbc1f220ff28c14c65491ae2fd01cdaa0a507b415b83,wolf
/home/linus/Documents/FIT/semester_3/project_semester/wb_hnee/mj_23_24_wolf/01_Auslesung_Dez-2023__2023-06-06__02-41-32(3).JPG,3062322.0,c39216246d0ff585c50a35ca845595c1506c74ce689f195f7a70e03e6fe4194f,wolf
/home/linus/Documents/FIT/semester_3/project_semester/wb_hnee/mj_23_24_wolf/01_Auslesung_Dez-2023__2023-06-06__02-41-32(4).JPG,3062721.0,18c2382057c75169b36637ceac1fc1f4dd954c23cec11d6c2cae6b1ef180bf0d,wolf
/home/linus/Documents/FIT/semester_3/project_semester/wb_hnee/mj_23_24_wolf/01_Auslesung_Dez-2023__2023-06-06__02-41-33(5).JPG,3062004.0,8ae5196a787a0f7f91900374cc554305f964467a90548312ec36f24d7263e0af,wolf
/home/linus/Documents/FIT/semester_3/project_semester/wb_hnee/mj_23_24_wolf/01_Auslesung_Dez-2023__2023-06-06__02-42-20(1).JPG,3045041.0,57f80c37f166d63da6a287f953b8aa6c026611848a6bfb44f1e6a799561b019c,wolf
/home/linus/Documents/FIT/semester_3/project_semester/wb_hnee/mj_23_24_wolf/01_Auslesung_Dez-2023__2023-06-06__02-42-20(2).JPG,3050910.0,e8a8ee2c8667784245b6476cf0300ce075dae193c56c4a79f8377d72f178cf72,wolf
/home/linus/Documents/FIT/semester_3/project_semester/wb_hnee/mj_23_24_wolf/01_Auslesung_Dez-2023__2023-06-06__02-42-21(3).JPG,3042956.0,068fb6bce9360a94f2b338897954e3461ce5a4d5a1c4dbcf7873eb2faf6cc999,wolf
/home/linus/Documents/FIT/semester_3/project_semester/wb_hnee/mj_23_24_wolf/01_Auslesung_Dez-2023__2023-06-06__02-42-21(4).JPG,3044565.0,e0a91b7eb1c0d3011fd233db051fbdc94b55dc4b34d1942c9ccdd7ad7b460de9,wolf
/home/linus/Documents/FIT/semester_3/project_semester/wb_hnee/mj_23_24_wolf/01_Auslesung_Dez-2023__2023-06-06__02-42-22(5).JPG,3044274.0,4aa2328e2b8391815e30b597414d22a9012fa517661349efc7bcc1484d4f0110,wolf
/home/linus/Documents/FIT/semester_3/project_semester/wb_hnee/mj_23_24_wolf/01_Auslesung_Dez-2023__2023-06-15__02-26-42(1).JPG,246462.0,eecf4274e8a4580acb5d784d6d17b6f3027c450863cdd09f62998d36ca6bee84,wolf
/home/linus/Documents/FIT/semester_3/project_semester/wb_hnee/mj_23_24_wolf/01_Auslesung_Dez-2023__2023-06-15__02-26-43(2).JPG,247210.0,6f374a567f08a3cebd8718546867a2113c9628aa3c773cbba5860bfc199a59d9,wolf
/home/linus/Documents/FIT/semester_3/project_semester/wb_hnee/mj_23_24_wolf/01_Auslesung_Dez-2023__2023-06-15__02-26-44(3).JPG,247517.0,8cac6c8314477e1fa1e676cb7f262a42daa743eac24e265785c710376200df9d,wolf
/home/linus/Documents/FIT/semester_3/project_semester/wb_hnee/mj_23_24_wolf/01_Auslesung_Dez-2023__2023-06-15__02-26-44(4).JPG,247053.0,ba34039e398da0a475be387997af497f8b249f59f5d584b9f31a6df4e3017bec,wolf
/home/linus/Documents/FIT/semester_3/project_semester/wb_hnee/mj_23_24_wolf/01_Auslesung_Dez-2023__2023-06-15__02-26-45(5).JPG,247497.0,7b17c253a7723153e52a3ae9ff539d59a92bac0250555263e4f38a8ba09784b3,wolf
/home/linus/Documents/FIT/semester_3/project_semester/wb_hnee/mj_23_24_wolf/01_Auslesung_Dez-2023__2023-06-16__00-13-18(1).JPG,235895.0,3525aea99a23a735b5a2ce3b1dc07bac2228dfa690c8d437667a31d902b04af0,wolf
/home/linus/Documents/FIT/semester_3/project_semester/wb_hnee/mj_23_24_wolf/01_Auslesung_Dez-2023__2023-06-16__00-13-19(2).JPG,236652.0,57460abacdcd41679d53cfbde9cd1845ae1ace5fb000e5ccb049d16c60f65a2a,wolf
/home/linus/Documents/FIT/semester_3/project_semester/wb_hnee/mj_23_24_wolf/01_Auslesung_Dez-2023__2023-06-16__00-13-20(3).JPG,237051.0,638af270a4e28099c607f6843148e4bceb02ab8b349faf7b9eee01cbabbf720c,wolf
/home/linus/Documents/FIT/semester_3/project_semester/wb_hnee/mj_23_24_wolf/01_Auslesung_Dez-2023__2023-06-16__00-13-20(4).JPG,237149.0,6e6d9366d33c84cbdcf553f33a5d66c716a7beb8375f12aae782625904c8c4ab,wolf
/home/linus/Documents/FIT/semester_3/project_semester/wb_hnee/mj_23_24_wolf/01_Auslesung_Dez-2023__2023-06-16__00-13-21(5).JPG,237318.0,63af070ae9e3ece7c8d9ebe751b0db568b688b746965e2087691f8990ce2f729,wolf
/home/linus/Documents/FIT/semester_3/project_semester/wb_hnee/mj_23_24_wolf/01_Auslesung_Dez-2023__2023-06-16__00-13-22(6).JPG,235737.0,4e027b9450864411894a36660038f9d89bee35b2105eae6a24f613cb1558384c,wolf
/home/linus/Documents/FIT/semester_3/project_semester/wb_hnee/mj_23_24_wolf/01_Auslesung_Dez-2023__2023-06-16__00-13-23(7).JPG,237421.0,b0d19ccd91f8929b71c30b17c72f080bfc6858a0cc6fef1ad9ae49325661adbc,wolf
/home/linus/Documents/FIT/semester_3/project_semester/wb_hnee/mj_23_24_wolf/01_Auslesung_Dez-2023__2023-06-16__00-13-23(8).JPG,236890.0,e2697a4f7bdd9a006d25a35702de16e5c78681e48100ea684032e2784054da88,wolf
/home/linus/Documents/FIT/semester_3/project_semester/wb_hnee/mj_23_24_wolf/01_Auslesung_Dez-2023__2023-06-16__00-13-24(10).JPG,237485.0,70d7299c7548228fd37b755ed4f8b83cc1681309c75ebe5e1efd9e5581385e6b,wolf
/home/linus/Documents/FIT/semester_3/project_semester/wb_hnee/mj_23_24_wolf/01_Auslesung_Dez-2023__2023-06-16__00-13-24(9).JPG,237171.0,b9a3a7de7b71392f05fdf04dc094a0b01819245ba0c2a208d0919b6801425520,wolf
/home/linus/Documents/FIT/semester_3/project_semester/wb_hnee/mj_23_24_wolf/01_Auslesung_Dez-2023__2023-08-14__04-41-27(15).JPG,3356350.0,60282a54792bca90b325c113b2865a4cd6f203b0e9aee6e0ef162876fc9e5964,wolf
/home/linus/Documents/FIT/semester_3/project_semester/wb_hnee/mj_23_24_wolf/01_Auslesung_Dez-2023__2023-08-14__04-41-27(16).JPG,3350387.0,6aa88b49ba86a949442fc68723e08bede3b829188677aa03cdccc3fc2afd0285,wolf
/home/linus/Documents/FIT/semester_3/project_semester/wb_hnee/mj_23_24_wolf/01_Auslesung_Dez-2023__2023-08-14__04-41-28(18).JPG,3354750.0,69ebb1f9573bd1a31f4bfb7a263147e0e682041c33e47b4eb386585f2517871c,wolf
/home/linus/Documents/FIT/semester_3/project_semester/wb_hnee/mj_23_24_wolf/01_Auslesung_Dez-2023__2023-08-14__04-41-28(19).JPG,3354504.0,b0ce1e305bfd4b1453bab5ecc7899f9b7bb92633c045b5f5d715ba9aa7e1e0df,wolf
/home/linus/Documents/FIT/semester_3/project_semester/wb_hnee/mj_23_24_wolf/01_Auslesung_Dez-2023__2023-08-14__04-41-28(20).JPG,3355038.0,86599304e4077ac9f1c3b01a8802edfd1f7a66e2a19b5c7107e88c5c5a46476f,wolf
/home/linus/Documents/FIT/semester_3/project_semester/wb_hnee/mj_23_24_wolf/01_Auslesung_Dez-2023__2023-08-14__04-43-18(1).JPG,3377444.0,e095ef7558d3bdea8cf7c7de6c257be28bad3c1ac96b469b383b3111e6e1b519,wolf
/home/linus/Documents/FIT/semester_3/project_semester/wb_hnee/mj_23_24_wolf/01_Auslesung_Dez-2023__2023-08-14__04-43-19(2).JPG,3372633.0,a360e77327e8168aad8f736e77810c1ac3ec425dc9c388f58125420f46325bbc,wolf
/home/linus/Documents/FIT/semester_3/project_semester/wb_hnee/mj_23_24_wolf/01_Auslesung_Dez-2023__2023-08-14__04-43-19(3).JPG,3369639.0,b61cc1db409dfd9b68ba584ffa031e4176bfbc277f0ab80e6b1262c91a1a825a,wolf
/home/linus/Documents/FIT/semester_3/project_semester/wb_hnee/mj_23_24_wolf/01_Auslesung_Dez-2023__2023-08-14__04-43-19(4).JPG,3368074.0,dfb927c19f086acf40e31bc4781b729c9f52a99b9b229cbcb956f23c85362490,wolf
/home/linus/Documents/FIT/semester_3/project_semester/wb_hnee/mj_23_24_wolf/01_Auslesung_Dez-2023__2023-08-14__04-43-20(5).JPG,3367903.0,50a3b705a86be66265db4cde7692d3e8637018b0564b13eb0904150cc8cb9641,wolf
/home/linus/Documents/FIT/semester_3/project_semester/wb_hnee/mj_23_24_wolf/01_Auslesung_Dez-2023__2023-08-14__04-44-25(1).JPG,3352995.0,460cc8083860f2f088bf96b9d7b4ec0fb66c2980700b4fa2e3bea4ff9be41668,wolf
/home/linus/Documents/FIT/semester_3/project_semester/wb_hnee/mj_23_24_wolf/01_Auslesung_Dez-2023__2023-08-14__04-44-25(2).JPG,3356401.0,cb8aacd8d5b36028e9d6592bd017ba872f1249ee84130baf5f168bda17a10c89,wolf
/home/linus/Documents/FIT/semester_3/project_semester/wb_hnee/mj_23_24_wolf/01_Auslesung_Dez-2023__2023-08-14__04-44-25(3).JPG,3361144.0,7d121b30fa7ebaf000a8ee84585f8539e37a0000a7a8ca4b20ae9ebb580c9af8,wolf
/home/linus/Documents/FIT/semester_3/project_semester/wb_hnee/mj_23_24_wolf/01_Auslesung_Dez-2023__2023-08-14__04-44-26(4).JPG,3356316.0,b4da47df5cc9389b88ba705fe4f92e09fa2ae9adb136362e7a72e900f08d7634,wolf
/home/linus/Documents/FIT/semester_3/project_semester/wb_hnee/mj_23_24_wolf/01_Auslesung_Dez-2023__2023-08-14__04-44-26(5).JPG,3349865.0,9c7042d296ca76ff852159f35a3ff89dd0f040c79a2ae6a3db029e3c87683c17,wolf
/home/linus/Documents/FIT/semester_3/project_semester/wb_hnee/mj_23_24_wolf/01_Auslesung_Dez-2023__2023-08-14__06-45-02(1).JPG,4581543.0,955219a9879398bfd3b5933ebe530097f2f177003035faefd4e06cf8a02f6bff,wolf
/home/linus/Documents/FIT/semester_3/project_semester/wb_hnee/mj_23_24_wolf/01_Auslesung_Dez-2023__2023-08-14__06-45-03(2).JPG,4575541.0,348d740ed55c4b49df074fab41efc201cae10006cd2fe90e27f58d89d3c5e122,wolf
/home/linus/Documents/FIT/semester_3/project_semester/wb_hnee/mj_23_24_wolf/01_Auslesung_Dez-2023__2023-08-14__06-45-03(3).JPG,4576971.0,8fb40e07a91bee44084674b6951f39f9b216c9312c63023cf4629f27738e3e8c,wolf
/home/linus/Documents/FIT/semester_3/project_semester/wb_hnee/mj_23_24_wolf/01_Auslesung_Dez-2023__2023-08-14__06-45-03(4).JPG,4579364.0,c76320bd7faeebaf321c37578407b777b860a6408de54c0e20c900add57d2096,wolf
/home/linus/Documents/FIT/semester_3/project_semester/wb_hnee/mj_23_24_wolf/01_Auslesung_Dez-2023__2023-08-14__06-45-04(5).JPG,4581290.0,f8b3122150d39f6535c6e9f5ac34a6a247495e0126604940ff38d2c56abe311a,wolf
/home/linus/Documents/FIT/semester_3/project_semester/wb_hnee/mj_23_24_wolf/01_Auslesung_Dez-2023__2023-08-14__06-46-36(1).JPG,4623452.0,05d65f6d12d8a7b4f96cc2de23f5039be371c2ff2ed0cfd2a66742c7021ebee2,wolf
/home/linus/Documents/FIT/semester_3/project_semester/wb_hnee/mj_23_24_wolf/01_Auslesung_Dez-2023__2023-08-14__06-46-36(2).JPG,4619173.0,44034476668b126298a106dea64d87967dc1eba10366e9b76b10ea7c7b035e43,wolf
/home/linus/Documents/FIT/semester_3/project_semester/wb_hnee/mj_23_24_wolf/01_Auslesung_Dez-2023__2023-08-14__06-46-37(3).JPG,4620219.0,2c8079474c6ac146085a65d355db4edf6b9b489df855ce39e2d44e26e676d7e1,wolf
/home/linus/Documents/FIT/semester_3/project_semester/wb_hnee/mj_23_24_wolf/01_Auslesung_Dez-2023__2023-08-14__06-46-37(4).JPG,4620698.0,6bb5f54b37f4e6c984626cc5e6f7d217e4cd6e94d25913a5dc9d0026a35277c9,wolf
/home/linus/Documents/FIT/semester_3/project_semester/wb_hnee/mj_23_24_wolf/01_Auslesung_Dez-2023__2023-08-14__06-46-38(5).JPG,4618701.0,ef5c5e5649b391800724513085d0cefd6d9024b18209130dd652fbd856dc95d5,wolf
/home/linus/Documents/FIT/semester_3/project_semester/wb_hnee/mj_23_24_wolf/01_Auslesung_Dez-2023__2023-08-14__06-50-53(1).JPG,4962419.0,1d2e5d58d8b80e367cac3a6837953c7853e811988e49e31efb6826617920cb09,wolf
/home/linus/Documents/FIT/semester_3/project_semester/wb_hnee/mj_23_24_wolf/01_Auslesung_Dez-2023__2023-08-22__23-42-53(1).JPG,3359683.0,3e039ad5b4d56ce9015a68e90adc4212319b39744fc3853b6c6335452889ef9d,wolf
/home/linus/Documents/FIT/semester_3/project_semester/wb_hnee/mj_23_24_wolf/01_Auslesung_Dez-2023__2023-08-22__23-42-53(2).JPG,3356389.0,a9a7d176298628d94b5ccba9cc390618d1736bbb6214cca6263500c33fe7c4ba,wolf
/home/linus/Documents/FIT/semester_3/project_semester/wb_hnee/mj_23_24_wolf/01_Auslesung_Dez-2023__2023-08-22__23-42-53(3).JPG,3351815.0,7131a89cdd6326b258bf72f0099c4a6a3b2bf6ab59df68f8b89ab75ce4e03e43,wolf
/home/linus/Documents/FIT/semester_3/project_semester/wb_hnee/mj_23_24_wolf/01_Auslesung_Dez-2023__2023-08-22__23-42-54(4).JPG,3350884.0,db926059bbbc5a0fc5dfa9caa3fdc6bb3816b35ffde5f97308fbe80c8a64a8ac,wolf
/home/linus/Documents/FIT/semester_3/project_semester/wb_hnee/mj_23_24_wolf/01_Auslesung_Dez-2023__2023-08-22__23-42-54(5).JPG,3348001.0,3463873855a22c94bbf9ab2f200e27bd258161cb1d2f990a189b628b80f31e0f,wolf
/home/linus/Documents/FIT/semester_3/project_semester/wb_hnee/mj_23_24_wolf/01_Auslesung_Dez-2023__2023-08-27__02-20-53(1).JPG,231214.0,b0eed8d1af5edb7da6997a67c446fdc6e2fe9852002c726bd3568e650aa0fce5,wolf
/home/linus/Documents/FIT/semester_3/project_semester/wb_hnee/mj_23_24_wolf/01_Auslesung_Dez-2023__2023-08-27__02-20-53(2).JPG,231550.0,69364f1d5cf3d517a8a01c2ee7fe0d46a732847c943a3c784f6648057bf05c00,wolf
/home/linus/Documents/FIT/semester_3/project_semester/wb_hnee/mj_23_24_wolf/01_Auslesung_Dez-2023__2023-08-27__02-20-54(3).JPG,231046.0,9522050804459c4f3947ee991e93194b51f4d1327c233fc274ce66c5fa281c6f,wolf
/home/linus/Documents/FIT/semester_3/project_semester/wb_hnee/mj_23_24_wolf/01_Auslesung_Dez-2023__2023-08-27__02-20-55(4).JPG,230718.0,cf76e3ce6fb7cbb541475ea0d2871825c46d478b5fe4b7c818bac4ca54127c39,wolf
/home/linus/Documents/FIT/semester_3/project_semester/wb_hnee/mj_23_24_wolf/01_Auslesung_Dez-2023__2023-08-27__02-20-55(5).JPG,230965.0,a6c37a5c5d74fd049f9fc199539cfbf48658b82652a0f33f7b43feb175f7c8bd,wolf
/home/linus/Documents/FIT/semester_3/project_semester/wb_hnee/mj_23_24_wolf/01_Auslesung_Dez-2023__2023-09-11__05-47-25(1).JPG,209398.0,35beefd2db529d02f6b847623441e3f11c1b37407953094d93c176a359f0cd1c,wolf
/home/linus/Documents/FIT/semester_3/project_semester/wb_hnee/mj_23_24_wolf/01_Auslesung_Dez-2023__2023-09-11__05-47-25(2).JPG,209453.0,0ca7cff3c1f0b661d1ae220191cbc2e17eecd19e60cc70bd089b3c44e63ece0a,wolf
/home/linus/Documents/FIT/semester_3/project_semester/wb_hnee/mj_23_24_wolf/01_Auslesung_Dez-2023__2023-09-11__05-47-26(3).JPG,209983.0,cb984e027aba83aaabec94d01b2be3d53327ae1fa7eecf67423d0517b399d4b3,wolf
/home/linus/Documents/FIT/semester_3/project_semester/wb_hnee/mj_23_24_wolf/01_Auslesung_Dez-2023__2023-09-11__05-47-27(4).JPG,208624.0,9b0f0f8fd4cd21cbe0b06d31f4e14237d26f106026c58a9f2a065f158405b295,wolf
/home/linus/Documents/FIT/semester_3/project_semester/wb_hnee/mj_23_24_wolf/01_Auslesung_Dez-2023__2023-09-11__05-47-27(5).JPG,209130.0,2d78781694608f7de25a72f600f4f011f14dfcd7b4bf6bcef43927d0585fa38d,wolf
/home/linus/Documents/FIT/semester_3/project_semester/wb_hnee/mj_23_24_wolf/01_Auslesung_Dez-2023__2023-09-11__05-47-28(6).JPG,209118.0,e117f4d46687101cccc31f94cca1419e3dc3776446d4b531d75daa57e8026e1b,wolf
/home/linus/Documents/FIT/semester_3/project_semester/wb_hnee/mj_23_24_wolf/01_Auslesung_Dez-2023__2023-09-11__05-47-29(7).JPG,212218.0,372ada85f2f76de27b9c0cc17c66230e5431c4f5d533a513facfaecfc0d71d56,wolf
/home/linus/Documents/FIT/semester_3/project_semester/wb_hnee/mj_23_24_wolf/01_Auslesung_Dez-2023__2023-09-14__18-36-36(1).JPG,4754191.0,b06c91ca1790c3b337b5b5f418c3bbac13c4566e5f0f796aceb85d7ac2cdb7bb,wolf
/home/linus/Documents/FIT/semester_3/project_semester/wb_hnee/mj_23_24_wolf/01_Auslesung_Dez-2023__2023-09-14__18-36-36(2).JPG,4775434.0,f1d8642ed5e1dbd98f96fda8d575e67f1765754328b5482b0d5c81b1167b6b9f,wolf
/home/linus/Documents/FIT/semester_3/project_semester/wb_hnee/mj_23_24_wolf/01_Auslesung_Dez-2023__2023-09-14__18-36-37(3).JPG,4755401.0,f4bd4ea06eaa2895bf137b6a8e226e84ace5c41d15bb13f3f638c62f1e6fc89c,wolf
/home/linus/Documents/FIT/semester_3/project_semester/wb_hnee/mj_23_24_wolf/01_Auslesung_Dez-2023__2023-09-14__18-36-37(4).JPG,4755721.0,f9c1ee537d3f5009982f9d8dccaa64f9300f016895b97c0a68bdfbc2a0f2d37b,wolf
/home/linus/Documents/FIT/semester_3/project_semester/wb_hnee/mj_23_24_wolf/01_Auslesung_Dez-2023__2023-09-14__18-36-37(5).JPG,4756775.0,5e969acee8fd9a3641dfe4097fca1c574545691c8e78ab53801246fdac1c2985,wolf
/home/linus/Documents/FIT/semester_3/project_semester/wb_hnee/mj_23_24_wolf/01_Auslesung_Dez-2023__2023-09-14__20-24-09(1).JPG,231640.0,2e6a6c8c019e162545a2d1d520a84425e1f71f539d2dfb1cd96e925980f0f663,wolf
/home/linus/Documents/FIT/semester_3/project_semester/wb_hnee/mj_23_24_wolf/01_Auslesung_Dez-2023__2023-09-14__20-24-09(2).JPG,230608.0,64a9ab41f0da9025d4958a073e9452f3babba95dcccd9dedb22575cef1f07308,wolf
/home/linus/Documents/FIT/semester_3/project_semester/wb_hnee/mj_23_24_wolf/01_Auslesung_Dez-2023__2023-09-14__20-24-10(3).JPG,231403.0,62d58cad40c1b2f791d3be85aa1c93824f2eb0421638d0efd8d5950ffba2354c,wolf
/home/linus/Documents/FIT/semester_3/project_semester/wb_hnee/mj_23_24_wolf/01_Auslesung_Dez-2023__2023-09-14__20-24-11(4).JPG,231453.0,a672bc88a1157632414f66339011de37baf07dac05bf90f6055c07f9aedff304,wolf
/home/linus/Documents/FIT/semester_3/project_semester/wb_hnee/mj_23_24_wolf/01_Auslesung_Dez-2023__2023-09-14__20-24-11(5).JPG,231163.0,4f9ec57b969c08073f10cdb7733345c4329acf6c17439aa875bac09658ccaf6c,wolf
/home/linus/Documents/FIT/semester_3/project_semester/wb_hnee/mj_23_24_wolf/01_Auslesung_Dez-2023__2023-09-14__20-24-33(6).JPG,233457.0,141a0ce8c66bf34c59d740b9472c47733dabaf01d16b8fc8d45f3e09f6c23462,wolf
/home/linus/Documents/FIT/semester_3/project_semester/wb_hnee/mj_23_24_wolf/01_Auslesung_Dez-2023__2023-09-14__20-24-34(7).JPG,234973.0,d2516190069b179366ea1a524ecbfcfef53e924e30369e786fd2a098cfa6cacc,wolf
/home/linus/Documents/FIT/semester_3/project_semester/wb_hnee/mj_23_24_wolf/01_Auslesung_Dez-2023__2023-09-14__20-24-34(8).JPG,235123.0,f20ed573fa5e6901e8ca2a6b7671adc95ce359d15777fdfeff23a54a204832fa,wolf
/home/linus/Documents/FIT/semester_3/project_semester/wb_hnee/mj_23_24_wolf/01_Auslesung_Dez-2023__2023-09-14__20-24-35(10).JPG,234554.0,6d980b04b2241130174e63c4b44df5ed2e5ff5939e98ffcf6597742b5de28f6c,wolf
/home/linus/Documents/FIT/semester_3/project_semester/wb_hnee/mj_23_24_wolf/01_Auslesung_Dez-2023__2023-09-14__20-24-35(9).JPG,234252.0,8d64a289ff64b1a30a5ca4826143d60a16cb2532b2091e61e6cd0bd88e3e6be5,wolf
/home/linus/Documents/FIT/semester_3/project_semester/wb_hnee/mj_23_24_wolf/01_Auslesung_Dez-2023__2023-09-14__20-24-37(11).JPG,234296.0,e33ad11e397073a57ff8bee8f51588c589e5976930eb0a225130063abe8db69d,wolf
/home/linus/Documents/FIT/semester_3/project_semester/wb_hnee/mj_23_24_wolf/01_Auslesung_Dez-2023__2023-09-14__20-24-38(12).JPG,236409.0,63ef2e463ee4747468b179d7ce238fc2889ba18955e55585f41d1f1d954f3ccf,wolf
/home/linus/Documents/FIT/semester_3/project_semester/wb_hnee/mj_23_24_wolf/01_Auslesung_Dez-2023__2023-09-14__20-24-38(13).JPG,236217.0,cd72724a5eb46effdedaf15205e5819ca1882eff69512614c9c01f50a83acd88,wolf
/home/linus/Documents/FIT/semester_3/project_semester/wb_hnee/mj_23_24_wolf/01_Auslesung_Dez-2023__2023-09-14__20-24-39(14).JPG,236861.0,f751ffec773e5690d7f3b9dd0226beffb26512ab891c67afda490ecbb2c8da7f,wolf
/home/linus/Documents/FIT/semester_3/project_semester/wb_hnee/mj_23_24_wolf/01_Auslesung_Dez-2023__2023-09-14__20-24-40(15).JPG,236441.0,8607b3b70eeb8d6fc1d8ee592d42b6154071c1481474bf7c49c7aeffc2271e2f,wolf
/home/linus/Documents/FIT/semester_3/project_semester/wb_hnee/mj_23_24_wolf/01_Auslesung_Dez-2023__2023-09-14__20-24-42(16).JPG,237082.0,2f806fce9599d4e0509042e29d5ee947d96915905b72757959d4c04672503e5e,wolf
/home/linus/Documents/FIT/semester_3/project_semester/wb_hnee/mj_23_24_wolf/01_Auslesung_Dez-2023__2023-09-14__20-24-43(17).JPG,238405.0,913189923c8b7b469fbdaf8c2f8812fb822308d97fdee2c244d4168a399d393c,wolf
/home/linus/Documents/FIT/semester_3/project_semester/wb_hnee/mj_23_24_wolf/01_Auslesung_Dez-2023__2023-09-14__20-24-43(18).JPG,238101.0,d9dba92653be8b17694a982595f96731ebe9a11d71a647d35b4edd6d5d9ebc32,wolf
/home/linus/Documents/FIT/semester_3/project_semester/wb_hnee/mj_23_24_wolf/01_Auslesung_Dez-2023__2023-09-14__20-24-44(19).JPG,238067.0,030d1192326b5cc4323512d4eb9cf257620e5075c64b093fe7f51ff3181840de,wolf
/home/linus/Documents/FIT/semester_3/project_semester/wb_hnee/mj_23_24_wolf/01_Auslesung_Dez-2023__2023-09-14__20-24-44(20).JPG,238513.0,edfee94d697d6d328bf6aadf4f6e03d9660986bcda3065f5c35c3669bb641dd9,wolf
/home/linus/Documents/FIT/semester_3/project_semester/wb_hnee/mj_23_24_wolf/01_Auslesung_Dez-2023__2023-09-14__20-25-03(1).JPG,236704.0,74dcfcc12c12e5292a7f858ba4a06e898042206b485fe5297b1f01f73750dedb,wolf
/home/linus/Documents/FIT/semester_3/project_semester/wb_hnee/mj_23_24_wolf/01_Auslesung_Dez-2023__2023-09-14__20-25-03(2).JPG,235629.0,4cc47d00f26cb70a1953123ffc1b286f05d43fa66b2e4d09f18b818a13a3cce6,wolf
/home/linus/Documents/FIT/semester_3/project_semester/wb_hnee/mj_23_24_wolf/01_Auslesung_Dez-2023__2023-09-14__20-25-04(3).JPG,236528.0,574f020384e766056023fb71979def0f853d5f94e3137798924c6f4c589148fb,wolf
/home/linus/Documents/FIT/semester_3/project_semester/wb_hnee/mj_23_24_wolf/01_Auslesung_Dez-2023__2023-09-14__20-25-05(4).JPG,236752.0,7c253e9b0f1f0c4b80178b277264829700f44620506bc95e57f0fc5eed7c0df0,wolf
/home/linus/Documents/FIT/semester_3/project_semester/wb_hnee/mj_23_24_wolf/01_Auslesung_Dez-2023__2023-09-14__20-25-05(5).JPG,236848.0,cea42a60a801d3246007f7df9f7f14684d96972071a7eac9ebd5cc72bd83681b,wolf
/home/linus/Documents/FIT/semester_3/project_semester/wb_hnee/mj_23_24_wolf/01_Auslesung_Dez-2023__2023-09-14__20-25-06(6).JPG,236324.0,0eaa89aeb59cd55569e0890763d5b1ca2976829e1681b220704f2bf96f6450ba,wolf
/home/linus/Documents/FIT/semester_3/project_semester/wb_hnee/mj_23_24_wolf/01_Auslesung_Dez-2023__2023-09-14__20-25-07(7).JPG,237730.0,35891a6f74a7afa9ab5181008718ca041e634c65b879530cb00b06e5d4bbf61d,wolf
/home/linus/Documents/FIT/semester_3/project_semester/wb_hnee/mj_23_24_wolf/01_Auslesung_Dez-2023__2023-09-14__20-25-07(8).JPG,238154.0,b0bd81bfd9d0205b563e0f9a543bd0797f6a9145ab970f0a6698ce64478c09c1,wolf
/home/linus/Documents/FIT/semester_3/project_semester/wb_hnee/mj_23_24_wolf/01_Auslesung_Dez-2023__2023-09-14__20-25-08(9).JPG,237840.0,d08d5488504871a255393554b6ba45348326df6bdab83ad6c8d5d9c2b549444e,wolf
/home/linus/Documents/FIT/semester_3/project_semester/wb_hnee/mj_23_24_wolf/01_Auslesung_Dez-2023__2023-09-14__20-25-09(10).JPG,237932.0,005cbbb59061524c4100fe7f29b528e9316ec83927c6e5b96e1741616fcc28b6,wolf
/home/linus/Documents/FIT/semester_3/project_semester/wb_hnee/mj_23_24_wolf/01_Auslesung_Dez-2023__2023-09-14__20-25-20(11).JPG,235394.0,8c0725922cfa076ffce54e9e521c78df4288b99c6654c5c1bd5d664aabfbc9a7,wolf
/home/linus/Documents/FIT/semester_3/project_semester/wb_hnee/mj_23_24_wolf/01_Auslesung_Dez-2023__2023-09-14__20-25-21(12).JPG,235710.0,00490850e5fece2666a102959c3d9a086c962c16c28eaec33f881be1d77f2846,wolf
/home/linus/Documents/FIT/semester_3/project_semester/wb_hnee/mj_23_24_wolf/01_Auslesung_Dez-2023__2023-09-14__20-25-22(13).JPG,235343.0,070e2874f5954cec04136f977938bb28e1aedefeb9ea9b9327c62a379727e123,wolf
/home/linus/Documents/FIT/semester_3/project_semester/wb_hnee/mj_23_24_wolf/01_Auslesung_Dez-2023__2023-09-14__20-25-22(14).JPG,235659.0,8433ada8f1be70b4fe7a28a52e08cce2da4da87adaf6125d59f7814776563f43,wolf
/home/linus/Documents/FIT/semester_3/project_semester/wb_hnee/mj_23_24_wolf/01_Auslesung_Dez-2023__2023-09-14__20-25-23(15).JPG,235626.0,ec1c57aa3482dbb4ee615da9a7d5f33cb35c93a704a6d3938272bdd4e2711af1,wolf
/home/linus/Documents/FIT/semester_3/project_semester/wb_hnee/mj_23_24_wolf/01_Auslesung_Dez-2023__2023-09-14__20-25-28(16).JPG,224693.0,6e1943b27ff03316c13ec519747454b569da69ad77795c5d6897f063a0da6371,wolf
/home/linus/Documents/FIT/semester_3/project_semester/wb_hnee/mj_23_24_wolf/01_Auslesung_Dez-2023__2023-09-14__20-25-28(17).JPG,234402.0,6510552a72e781f4462c777b2050985757d0c5cf012c617edddcaf4c6f0b6e04,wolf
/home/linus/Documents/FIT/semester_3/project_semester/wb_hnee/mj_23_24_wolf/01_Auslesung_Dez-2023__2023-09-14__20-25-29(18).JPG,224086.0,3092abbdc00cb7eb03af45f12b716373bf8b1e887adc1458092874dd7e9653cf,wolf
/home/linus/Documents/FIT/semester_3/project_semester/wb_hnee/mj_23_24_wolf/01_Auslesung_Dez-2023__2023-09-14__20-25-30(19).JPG,223994.0,ffda4f3821040df24ab6f435c7e9b8b94268655200ccd5b33b5df036c031ca51,wolf
/home/linus/Documents/FIT/semester_3/project_semester/wb_hnee/mj_23_24_wolf/01_Auslesung_Dez-2023__2023-09-14__20-25-30(20).JPG,223486.0,27a0ceec23ad5b97b643072503210f6a9a6bcaac4241d7c68d856d063ce1e456,wolf
/home/linus/Documents/FIT/semester_3/project_semester/wb_hnee/mj_23_24_wolf/01_Auslesung_Dez-2023__2023-09-14__20-25-31(21).JPG,224590.0,69bea0ecaa34af162842f834c0c5283c787cc0d08f490a6d5152e0e1764cc63f,wolf
/home/linus/Documents/FIT/semester_3/project_semester/wb_hnee/mj_23_24_wolf/01_Auslesung_Dez-2023__2023-09-14__20-25-32(22).JPG,227209.0,209fd94d82eb1092d4fc8734aba3d48d93ea7dc3141aa72d2c99db0c43ba9145,wolf
/home/linus/Documents/FIT/semester_3/project_semester/wb_hnee/mj_23_24_wolf/01_Auslesung_Dez-2023__2023-09-14__20-25-33(23).JPG,229967.0,39684693770d090518bedd871e9d66f1ed0fa5c1a4dbebd62802b84cee45d048,wolf
/home/linus/Documents/FIT/semester_3/project_semester/wb_hnee/mj_23_24_wolf/01_Auslesung_Dez-2023__2023-09-14__20-25-33(24).JPG,227449.0,19f81a5899c5ba183c19c0df9f2e96b750929122180ea2731713c10027ed687f,wolf
/home/linus/Documents/FIT/semester_3/project_semester/wb_hnee/mj_23_24_wolf/01_Auslesung_Dez-2023__2023-09-14__20-25-34(25).JPG,231949.0,03fbb457cad508cc8aa336331d7b0e03e1f79a48af020451d510bc37b673e23f,wolf
/home/linus/Documents/FIT/semester_3/project_semester/wb_hnee/mj_23_24_wolf/01_Auslesung_Dez-2023__2023-09-14__20-25-35(26).JPG,237923.0,6424b6f1bb7275387fd86a900fb8f64581f8dad7076fa40154c880da73f04be4,wolf
/home/linus/Documents/FIT/semester_3/project_semester/wb_hnee/mj_23_24_wolf/01_Auslesung_Dez-2023__2023-09-14__20-25-35(27).JPG,238518.0,b48394b0214b83af43eecd1a0d691b8799eddfb06ca11f5daa8931b856e05d68,wolf
/home/linus/Documents/FIT/semester_3/project_semester/wb_hnee/mj_23_24_wolf/01_Auslesung_Dez-2023__2023-09-14__20-25-36(28).JPG,237480.0,e20f4662af2a1d0d80fcd1c4f187dfb604c8c6305da557d813e548ef8517d28b,wolf
/home/linus/Documents/FIT/semester_3/project_semester/wb_hnee/mj_23_24_wolf/01_Auslesung_Dez-2023__2023-09-14__20-25-37(29).JPG,233334.0,a7a4962475188d60f6eb7db1700143fa6dcedc7242b9de299642dac941eaba01,wolf
/home/linus/Documents/FIT/semester_3/project_semester/wb_hnee/mj_23_24_wolf/01_Auslesung_Dez-2023__2023-09-14__20-25-37(30).JPG,235919.0,d0d7980d45f21b2f242f87a3898eac52e48dc840fd8337004fbce6121bfec13b,wolf
/home/linus/Documents/FIT/semester_3/project_semester/wb_hnee/mj_23_24_wolf/01_Auslesung_Dez-2023__2023-09-14__22-38-08(1).JPG,210382.0,8541d7a163506c4e7250575cdff9288d1d18d8e54140a64a7b478006527396d3,wolf
/home/linus/Documents/FIT/semester_3/project_semester/wb_hnee/mj_23_24_wolf/01_Auslesung_Dez-2023__2023-09-14__22-38-09(2).JPG,209597.0,6a75cc4978f9b98ffb4c49ed50dd93d3f204fff60a63b4746abf7e3e5adf491c,wolf
/home/linus/Documents/FIT/semester_3/project_semester/wb_hnee/mj_23_24_wolf/01_Auslesung_Dez-2023__2023-09-14__22-38-09(3).JPG,207138.0,ed864a908ba75d5ae83bf9370ec40939d2768bb2582873f166289d589109377d,wolf
/home/linus/Documents/FIT/semester_3/project_semester/wb_hnee/mj_23_24_wolf/01_Auslesung_Dez-2023__2023-09-14__22-38-10(4).JPG,210465.0,a9bd55362ccb7fc95b070e3b4ba0274097785df62715411a389a1dffbc488c1b,wolf
/home/linus/Documents/FIT/semester_3/project_semester/wb_hnee/mj_23_24_wolf/01_Auslesung_Dez-2023__2023-09-14__22-38-11(5).JPG,211292.0,c52d0e902f5f4b71f81051e533119060cdde2045457c89cd94c37ac0916286f3,wolf
/home/linus/Documents/FIT/semester_3/project_semester/wb_hnee/mj_23_24_wolf/01_Auslesung_Dez-2023__2023-09-14__22-38-12(6).JPG,210756.0,24af018da5b1d740d2b10be9f1f988216217fd483a2f87a593db7b1975bb4b51,wolf
/home/linus/Documents/FIT/semester_3/project_semester/wb_hnee/mj_23_24_wolf/01_Auslesung_Dez-2023__2023-09-16__07-56-53(1).JPG,5025263.0,1e293875ac0e61a3f5bf95c33533d7e463c3ee94d7e8af0a6f5462399d3b2c0b,wolf
/home/linus/Documents/FIT/semester_3/project_semester/wb_hnee/mj_23_24_wolf/01_Auslesung_Dez-2023__2023-09-16__07-56-54(2).JPG,5025419.0,0bdec334c9a4ab4118473b6d5248fe913b40df9dfa09f036d73e25a04c98cdc0,wolf
/home/linus/Documents/FIT/semester_3/project_semester/wb_hnee/mj_23_24_wolf/01_Auslesung_Dez-2023__2023-09-16__07-56-54(3).JPG,5023725.0,08cbdf5ac0d068424c6f9b398b1debcaa123444b2cdc29b915356a532daecb78,wolf
/home/linus/Documents/FIT/semester_3/project_semester/wb_hnee/mj_23_24_wolf/01_Auslesung_Dez-2023__2023-09-16__07-56-54(4).JPG,5021775.0,fc09853fa344115376c7f64c7150cc74a9399ec91afef5e96b73730cc1ac30f5,wolf
/home/linus/Documents/FIT/semester_3/project_semester/wb_hnee/mj_23_24_wolf/01_Auslesung_Dez-2023__2023-09-16__07-56-55(5).JPG,5026147.0,8c03effbdd9ea94070f5b50fa63b7319e43c584bda40a3f25e5ddb163d23ac66,wolf
/home/linus/Documents/FIT/semester_3/project_semester/wb_hnee/mj_23_24_wolf/01_Auslesung_Dez-2023__2023-09-21__06-59-41(1).JPG,4297444.0,a975c957b3968e5bd3bdf56389d89baca5f976bbbd6d9b05bcd8706e8583bd45,wolf
/home/linus/Documents/FIT/semester_3/project_semester/wb_hnee/mj_23_24_wolf/01_Auslesung_Dez-2023__2023-09-21__06-59-42(2).JPG,4297128.0,3a3582e725f34af05d3457a5d6fb89c4894ad8d1e51d71843ad0e8bcc4b1fb54,wolf
/home/linus/Documents/FIT/semester_3/project_semester/wb_hnee/mj_23_24_wolf/01_Auslesung_Dez-2023__2023-09-21__06-59-42(3).JPG,4294897.0,eb1d0b6eeeb179def54b7be953d394cdeaea185ffd1ba9cbd40c72aabf5b7873,wolf
/home/linus/Documents/FIT/semester_3/project_semester/wb_hnee/mj_23_24_wolf/01_Auslesung_Dez-2023__2023-09-21__06-59-43(4).JPG,4293689.0,91c3b161fe5253b19e014e9d1ac3faacfbaf1b6dc065218e7190bc92b49e6959,wolf
/home/linus/Documents/FIT/semester_3/project_semester/wb_hnee/mj_23_24_wolf/01_Auslesung_Dez-2023__2023-09-21__06-59-43(5).JPG,4295791.0,7461a119f4507b2372fc7150f2eccd56568e2abb24254bbe054c2a7c2bc0df65,wolf
/home/linus/Documents/FIT/semester_3/project_semester/wb_hnee/mj_23_24_wolf/01_Auslesung_Dez-2023__2023-09-21__07-00-31(1).JPG,4300922.0,3ff5e9e0e40ab58a2b293186ede40f883642d6732f0ad48cbddf06ed681734b2,wolf
/home/linus/Documents/FIT/semester_3/project_semester/wb_hnee/mj_23_24_wolf/01_Auslesung_Dez-2023__2023-09-21__07-00-31(2).JPG,4303430.0,5c93710feb2770dc14c3d3e5cad27b2c52aa05281595b57d30301bed96f166f1,wolf
/home/linus/Documents/FIT/semester_3/project_semester/wb_hnee/mj_23_24_wolf/01_Auslesung_Dez-2023__2023-09-21__07-00-31(3).JPG,4301864.0,76d2b0dd2d8112d8b38247d8b8e3d67d94e066fb3fd977b322dee70c7d5e2e3c,wolf
/home/linus/Documents/FIT/semester_3/project_semester/wb_hnee/mj_23_24_wolf/01_Auslesung_Dez-2023__2023-09-21__07-00-32(4).JPG,4303111.0,ef94db9c2d58f09619ea51dfe6f04c44ab7fbf3912b9035f3a0fe16cb27dfaf8,wolf
/home/linus/Documents/FIT/semester_3/project_semester/wb_hnee/mj_23_24_wolf/01_Auslesung_Dez-2023__2023-09-21__07-00-32(5).JPG,4303111.0,d524ac17a2786bb8cbbaac9d7f35eebdfd5a581e4b41f2e37c26f25243f1cf70,wolf
/home/linus/Documents/FIT/semester_3/project_semester/wb_hnee/mj_23_24_wolf/01_Auslesung_Dez-2023__2023-09-21__07-01-18(1).JPG,4308512.0,b4556981b58f4fa639e8f7b3bdce445fb15088bdd875ae5b4659027577f7009f,wolf
/home/linus/Documents/FIT/semester_3/project_semester/wb_hnee/mj_23_24_wolf/01_Auslesung_Dez-2023__2023-09-21__07-01-18(2).JPG,4307908.0,fbea3c556b3ffdb98f075edbdacc3a4c55378767419fa9121e7e739acfced9ae,wolf
/home/linus/Documents/FIT/semester_3/project_semester/wb_hnee/mj_23_24_wolf/01_Auslesung_Dez-2023__2023-09-21__07-01-19(3).JPG,4308477.0,af4b462e1cadee9f0aeb328b7c89c3de5f81632f57244f39a0eb7a1c066259f5,wolf
/home/linus/Documents/FIT/semester_3/project_semester/wb_hnee/mj_23_24_wolf/01_Auslesung_Dez-2023__2023-09-21__07-01-19(4).JPG,4306788.0,4bdf219d20d5ac016a2def1a3e4a6eeac603f35ec23c2f123f64026b48e3b953,wolf
/home/linus/Documents/FIT/semester_3/project_semester/wb_hnee/mj_23_24_wolf/01_Auslesung_Dez-2023__2023-09-21__07-01-19(5).JPG,4303667.0,bf8b1c6efd32e0de4d5bbe550453c286db0df8b955592592900c5f05ae9fddba,wolf
/home/linus/Documents/FIT/semester_3/project_semester/wb_hnee/mj_23_24_wolf/01_Auslesung_Dez-2023__2023-09-26__09-27-54(1).JPG,5034908.0,32d15de374e6a99e645de48562fa533fcc0aba45abd431744476747fd61d05b0,wolf
/home/linus/Documents/FIT/semester_3/project_semester/wb_hnee/mj_23_24_wolf/01_Auslesung_Dez-2023__2023-09-26__09-27-55(2).JPG,5029140.0,261fe015431432f03d62444a4fc8e92cf6cc4bb716133a04c6d86c8069c6ca9f,wolf
/home/linus/Documents/FIT/semester_3/project_semester/wb_hnee/mj_23_24_wolf/01_Auslesung_Dez-2023__2023-09-26__09-27-55(3).JPG,5026713.0,f413fcdfe4bb798da86830ac0361e317242d698456ab62b8477c83ef282991bc,wolf
/home/linus/Documents/FIT/semester_3/project_semester/wb_hnee/mj_23_24_wolf/01_Auslesung_Dez-2023__2023-09-26__09-27-56(4).JPG,5028911.0,e59ac31f79efcbf9df6d2f22f0abd28ff4f6287bca392b05834c58407615679f,wolf
/home/linus/Documents/FIT/semester_3/project_semester/wb_hnee/mj_23_24_wolf/01_Auslesung_Dez-2023__2023-09-26__09-27-56(5).JPG,5031698.0,7cd1761e989d6eddc65ae28941f279406d75e117297a9b5a1927349b774bfc78,wolf
/home/linus/Documents/FIT/semester_3/project_semester/wb_hnee/mj_23_24_wolf/01_Auslesung_Dez-2023__2023-09-26__09-28-20(1).JPG,5077986.0,ad4772624676a072059c606caa5c1723bb3d32745d5ebc18dbabd04a2e22f3a0,wolf
/home/linus/Documents/FIT/semester_3/project_semester/wb_hnee/mj_23_24_wolf/01_Auslesung_Dez-2023__2023-09-26__09-28-20(2).JPG,5075320.0,9114ac12b2855703d47abf9c32e2bdb9c80ab1586d31780ce47158cf1da7cfa9,wolf
/home/linus/Documents/FIT/semester_3/project_semester/wb_hnee/mj_23_24_wolf/01_Auslesung_Dez-2023__2023-09-26__09-28-21(3).JPG,5074874.0,c169f754c8bf054d64baf4d4dbfa56042dc8244cae0b55d2f7ea61edbf454f47,wolf
/home/linus/Documents/FIT/semester_3/project_semester/wb_hnee/mj_23_24_wolf/01_Auslesung_Dez-2023__2023-09-26__09-28-21(4).JPG,5073731.0,d618a9ea5c78c8a3348f0a402d262efe807d4927c9be529027acc8fa19283b83,wolf
/home/linus/Documents/FIT/semester_3/project_semester/wb_hnee/mj_23_24_wolf/01_Auslesung_Dez-2023__2023-09-26__09-28-21(5).JPG,5073977.0,dbb8ddf8c4d9bd4feaa9772c5ab5a847871305d6697161af409f26c017e549ac,wolf
/home/linus/Documents/FIT/semester_3/project_semester/wb_hnee/mj_23_24_wolf/01_Auslesung_Dez-2023__2023-09-26__09-28-52(6).JPG,5101995.0,52046d975b76a50ff43fd64bc982afac06b228338f4827801ae921fc56e699be,wolf
/home/linus/Documents/FIT/semester_3/project_semester/wb_hnee/mj_23_24_wolf/01_Auslesung_Dez-2023__2023-09-26__09-28-52(7).JPG,5101978.0,4f475d9244e53a1d4857be2d2fd3fdcc65e22dbee569a2f00fa878a7ff8e6bc7,wolf
/home/linus/Documents/FIT/semester_3/project_semester/wb_hnee/mj_23_24_wolf/01_Auslesung_Dez-2023__2023-09-26__09-28-53(8).JPG,5101403.0,5cead3937520f8f82ac3f4254da96c0ee97cb56c102c8616214558b64950db14,wolf
/home/linus/Documents/FIT/semester_3/project_semester/wb_hnee/mj_23_24_wolf/01_Auslesung_Dez-2023__2023-09-26__09-28-53(9).JPG,5102387.0,d2cb6a2d0c8c0200fb1257f553beb01eff82bad61be0378466e854978d04c7fc,wolf
/home/linus/Documents/FIT/semester_3/project_semester/wb_hnee/mj_23_24_wolf/01_Auslesung_Dez-2023__2023-09-26__09-28-54(10).JPG,5100543.0,2950b6840c6208a483a763c7e7020bc9d3271a83b57319375a3bd9ae6b21b3ca,wolf
/home/linus/Documents/FIT/semester_3/project_semester/wb_hnee/mj_23_24_wolf/01_Auslesung_Dez-2023__2023-09-26__09-29-30(1).JPG,5096232.0,8c5ed2ae8c1b0540a818e0849fc7121ba5c051f7273c45661ced8fb886dd0773,wolf
/home/linus/Documents/FIT/semester_3/project_semester/wb_hnee/mj_23_24_wolf/01_Auslesung_Dez-2023__2023-09-26__09-29-30(2).JPG,5096201.0,cd06f42026ad409a3852e985dd76fa93797cbf3067fa24cd87501100064c4277,wolf
/home/linus/Documents/FIT/semester_3/project_semester/wb_hnee/mj_23_24_wolf/01_Auslesung_Dez-2023__2023-09-26__09-29-31(3).JPG,5096470.0,374fe57d0d382e623346b82b87e48850962a52628aa07dbad4a4c8cb82fb7810,wolf
/home/linus/Documents/FIT/semester_3/project_semester/wb_hnee/mj_23_24_wolf/01_Auslesung_Dez-2023__2023-09-26__09-29-31(4).JPG,5097554.0,06b1d257be10530630394642ff4a0d163bf83012e27c5b2f22f50f325992ca60,wolf
/home/linus/Documents/FIT/semester_3/project_semester/wb_hnee/mj_23_24_wolf/01_Auslesung_Dez-2023__2023-09-26__09-29-31(5).JPG,5098636.0,e4b9982b1b0fe71ecbe31a50a0c09235b556ce1e91232302e7d8b8355667d151,wolf
/home/linus/Documents/FIT/semester_3/project_semester/wb_hnee/mj_23_24_wolf/01_Auslesung_Dez-2023__2023-09-30__20-50-57(1).JPG,3100478.0,747b2c28433cf2ced3659f2735a6fa2751c232575a1050986fab69bd4a0341a3,wolf
/home/linus/Documents/FIT/semester_3/project_semester/wb_hnee/mj_23_24_wolf/01_Auslesung_Dez-2023__2023-09-30__20-50-58(2).JPG,3106338.0,bb92ca8f1e8e43c85423ee492307e46ad339693fd569b64d92decc262f69626c,wolf
/home/linus/Documents/FIT/semester_3/project_semester/wb_hnee/mj_23_24_wolf/01_Auslesung_Dez-2023__2023-09-30__20-50-58(3).JPG,3104711.0,9db55daa40d8098b828bb66250bd188c9d5be04247db8de542d55dbd2f4cdf1f,wolf
/home/linus/Documents/FIT/semester_3/project_semester/wb_hnee/mj_23_24_wolf/01_Auslesung_Dez-2023__2023-09-30__20-50-58(4).JPG,3104375.0,1ea7fd7d27517dd903bb568ed2c953bf0706d5df54c4544d50f6dd60491b9ed6,wolf
/home/linus/Documents/FIT/semester_3/project_semester/wb_hnee/mj_23_24_wolf/01_Auslesung_Dez-2023__2023-09-30__20-50-59(5).JPG,3106633.0,e2223ffbe1a1c85d36aa030837c6876f6f56a5b6d1d3d4086ad28cccb9431355,wolf
/home/linus/Documents/FIT/semester_3/project_semester/wb_hnee/mj_23_24_wolf/01_Auslesung_Dez-2023__2023-10-02__23-13-45(1).JPG,211001.0,40debd87a4a7efd0d6caded11446ffe6eea4ba62926a306e934b3b8e794bd097,wolf
/home/linus/Documents/FIT/semester_3/project_semester/wb_hnee/mj_23_24_wolf/01_Auslesung_Dez-2023__2023-10-06__20-43-58(1).JPG,224356.0,07587bdcc43e2e73aac4be13603fd5bc7a8cd6ee0f8fc8e1b5784906affa1dd7,wolf
/home/linus/Documents/FIT/semester_3/project_semester/wb_hnee/mj_23_24_wolf/01_Auslesung_Dez-2023__2023-10-06__20-43-59(2).JPG,226172.0,a669d18e4e8ec04d391949ab190da87783dc662a52763efd13bd6c0b20ab358d,wolf
/home/linus/Documents/FIT/semester_3/project_semester/wb_hnee/mj_23_24_wolf/01_Auslesung_Dez-2023__2023-10-06__20-43-59(3).JPG,226766.0,c253938eb927f4eb0954d882d67703bee9475eab3062cede07a59830f5f6edc0,wolf
/home/linus/Documents/FIT/semester_3/project_semester/wb_hnee/mj_23_24_wolf/01_Auslesung_Dez-2023__2023-10-06__20-44-00(1).JPG,225873.0,e854e485893d91e996235df296277b6189cc8873757bf55810857755299c670f,wolf
/home/linus/Documents/FIT/semester_3/project_semester/wb_hnee/mj_23_24_wolf/01_Auslesung_Dez-2023__2023-10-16__20-22-41(1).JPG,236095.0,42b7f56d816ef17a3eafac806b6c07e1ed5e858ec43974b7f399761dc9189435,wolf
/home/linus/Documents/FIT/semester_3/project_semester/wb_hnee/mj_23_24_wolf/01_Auslesung_Dez-2023__2023-10-16__20-22-42(2).JPG,238019.0,47d6033491b3e77b1cfcf065922109925a340eec0d3dc13363f185996975c37b,wolf
/home/linus/Documents/FIT/semester_3/project_semester/wb_hnee/mj_23_24_wolf/01_Auslesung_Dez-2023__2023-10-16__20-22-42(3).JPG,237748.0,2a8a44f444a85316c03ab2bcea72707d7eb6cb9dd4e80624615725a559bd4d65,wolf
/home/linus/Documents/FIT/semester_3/project_semester/wb_hnee/mj_23_24_wolf/01_Auslesung_Dez-2023__2023-10-16__20-22-43(4).JPG,237587.0,3e8996884e71c2df9b9472949cea69684f707bbb357fdb62e8dfd092d31d1c07,wolf
/home/linus/Documents/FIT/semester_3/project_semester/wb_hnee/mj_23_24_wolf/01_Auslesung_Dez-2023__2023-10-16__20-31-32(1).JPG,236867.0,68b92b4f049b18d68f6e5b318b889e0ff51da0f88f90ee1c8093ed5b07c7bdd3,wolf
/home/linus/Documents/FIT/semester_3/project_semester/wb_hnee/mj_23_24_wolf/01_Auslesung_Dez-2023__2023-10-16__20-31-33(2).JPG,240084.0,1faa96f3d4d8e54ec46872b995b08269374bc1324c81049ddc324cdf763a7c4b,wolf
/home/linus/Documents/FIT/semester_3/project_semester/wb_hnee/mj_23_24_wolf/01_Auslesung_Dez-2023__2023-10-16__20-31-33(3).JPG,240689.0,1861a7a6a28e15c2e9aec018f3c3f6db1fd018905f62a1cc284581b594a76a0e,wolf
/home/linus/Documents/FIT/semester_3/project_semester/wb_hnee/mj_23_24_wolf/01_Auslesung_Dez-2023__2023-10-16__20-31-34(4).JPG,240287.0,e8971fd7d43df1c95a15f1b4500c0e1e2acc8cdd9e10c35c0db81c5095ed190a,wolf
/home/linus/Documents/FIT/semester_3/project_semester/wb_hnee/mj_23_24_wolf/01_Auslesung_Dez-2023__2023-10-16__20-31-35(5).JPG,240714.0,8b79c68557d258a0306f7c2451aa013c87ced7ed688518daa903435e06174b0c,wolf
/home/linus/Documents/FIT/semester_3/project_semester/wb_hnee/mj_23_24_wolf/01_Auslesung_Dez-2023__2023-10-16__20-31-36(6).JPG,236160.0,77cce66e0edb52d87b557971688d479bfb17495243613ef1997d29fc6dd050aa,wolf
/home/linus/Documents/FIT/semester_3/project_semester/wb_hnee/mj_23_24_wolf/01_Auslesung_Dez-2023__2023-10-16__20-31-36(7).JPG,236160.0,240b9b96d901baf65fd354ad6f09011ae1d85cc31ded81b0b5b676c3773cf018,wolf
/home/linus/Documents/FIT/semester_3/project_semester/wb_hnee/mj_23_24_wolf/01_Auslesung_Dez-2023__2023-10-16__20-31-37(8).JPG,236715.0,c7d2b1f59f9c8a019bd96286dd68bfc6c47b146ecbedaa39098152a683a56590,wolf
/home/linus/Documents/FIT/semester_3/project_semester/wb_hnee/mj_23_24_wolf/01_Auslesung_Dez-2023__2023-10-16__20-31-38(10).JPG,236119.0,9e11496e3ae64cb1db31c6718132885b94ff3a0130376914b72d819a4f7db105,wolf
/home/linus/Documents/FIT/semester_3/project_semester/wb_hnee/mj_23_24_wolf/01_Auslesung_Dez-2023__2023-10-16__20-31-38(9).JPG,236426.0,24f727dc30888855a9f2e5ae48fd8c211f2eebaa28d35aa3f875e27b1abfff1b,wolf
/home/linus/Documents/FIT/semester_3/project_semester/wb_hnee/mj_23_24_wolf/01_Auslesung_Dez-2023__2023-10-16__20-32-04(1).JPG,236529.0,0183bc9baa58c44281bff48bcbfa6203f8481ffc961ad97bd4db4562512af9bf,wolf
/home/linus/Documents/FIT/semester_3/project_semester/wb_hnee/mj_23_24_wolf/01_Auslesung_Dez-2023__2023-10-16__20-32-05(2).JPG,236556.0,cbda39b3fa591e24b1784558e9391ed63dddad7826ce5c983e09fdefa33d8b6e,wolf
/home/linus/Documents/FIT/semester_3/project_semester/wb_hnee/mj_23_24_wolf/01_Auslesung_Dez-2023__2023-10-16__20-32-05(3).JPG,237033.0,63edf682a5c1dd94fd2f00799a056202f524f28ad8c46ba272aaa85ad7afa02a,wolf
/home/linus/Documents/FIT/semester_3/project_semester/wb_hnee/mj_23_24_wolf/01_Auslesung_Dez-2023__2023-10-16__20-50-27(1).JPG,237533.0,4dfb6dcaa191269d1ea5c8f1fb39f758df61d6713c7317696de8a1f84aaa07c1,wolf
/home/linus/Documents/FIT/semester_3/project_semester/wb_hnee/mj_23_24_wolf/01_Auslesung_Dez-2023__2023-10-16__20-50-27(2).JPG,236890.0,82f21046795d495e4b402095ffc0956dd342b187be0b76d8e322864118b0ff0f,wolf
/home/linus/Documents/FIT/semester_3/project_semester/wb_hnee/mj_23_24_wolf/01_Auslesung_Dez-2023__2023-10-16__20-50-28(3).JPG,237847.0,edb0c8a57fab7921a66e3b38d059e98ad67b9910c544cc8960c1b17a1bc19a26,wolf
/home/linus/Documents/FIT/semester_3/project_semester/wb_hnee/mj_23_24_wolf/01_Auslesung_Dez-2023__2023-10-16__20-50-29(4).JPG,237491.0,ead71854a5904acff9424673c02fc102388b11f69d187d612c1f555e442144de,wolf
/home/linus/Documents/FIT/semester_3/project_semester/wb_hnee/mj_23_24_wolf/01_Auslesung_Dez-2023__2023-10-16__20-50-29(5).JPG,237266.0,bad5577e68f1d06540be58c99f45020dc52a05ff132f4424e9e1b9d27aa04f57,wolf
/home/linus/Documents/FIT/semester_3/project_semester/wb_hnee/mj_23_24_wolf/01_Auslesung_Dez-2023__2023-10-17__04-18-58(11).JPG,225366.0,f8c7921d60452f892f720d274d95706aaf27b88a2b1db6212b1d96bb35fe31c0,wolf
/home/linus/Documents/FIT/semester_3/project_semester/wb_hnee/mj_23_24_wolf/01_Auslesung_Dez-2023__2023-10-17__04-18-59(12).JPG,226447.0,30dcc75674e5183c75e77285dc3d892a99948323ed21601bcc41f77d30e2110a,wolf
/home/linus/Documents/FIT/semester_3/project_semester/wb_hnee/mj_23_24_wolf/01_Auslesung_Dez-2023__2023-10-17__04-19-00(1).JPG,227467.0,3b160b163dafceceae44984219e6a6bbe58f0e62014060ac9c40ff31777cfa31,wolf
/home/linus/Documents/FIT/semester_3/project_semester/wb_hnee/mj_23_24_wolf/01_Auslesung_Dez-2023__2023-10-17__04-19-00(2).JPG,226973.0,f61221107b7b4fae9f62bd876428751ff4169e8892967df520bdd0c173b15a51,wolf
/home/linus/Documents/FIT/semester_3/project_semester/wb_hnee/mj_23_24_wolf/01_Auslesung_Dez-2023__2023-10-17__04-19-01(3).JPG,227127.0,dedcd6aaa189d8a0bd9b444bf432f4bbacdb6b77fa25edd05b5db9787597702a,wolf
/home/linus/Documents/FIT/semester_3/project_semester/wb_hnee/mj_23_24_wolf/01_Auslesung_Dez-2023__2023-10-17__04-19-02(4).JPG,230590.0,f3d80461c9effacc5635a98039db46012e2ed8f544d0eae96aaaab5f0be0f297,wolf
/home/linus/Documents/FIT/semester_3/project_semester/wb_hnee/mj_23_24_wolf/01_Auslesung_Dez-2023__2023-10-17__04-19-02(5).JPG,229216.0,b36e746636e2a2bd79acdfb877e7b711364c9cac7934f06f67c12288f4d0f60c,wolf
/home/linus/Documents/FIT/semester_3/project_semester/wb_hnee/mj_23_24_wolf/01_Auslesung_Dez-2023__2023-10-17__04-19-03(6).JPG,230502.0,4353705d2d18a0097d9b295547a61d826905312abe1e9416a0ead41e072dbdbd,wolf
/home/linus/Documents/FIT/semester_3/project_semester/wb_hnee/mj_23_24_wolf/01_Auslesung_Dez-2023__2023-10-17__04-19-03(7).JPG,231309.0,74da792fcadd5d93090cccf134de69568606bea73a13b9e3c8db424ada8fd4c0,wolf
/home/linus/Documents/FIT/semester_3/project_semester/wb_hnee/mj_23_24_wolf/01_Auslesung_Dez-2023__2023-10-17__04-19-04(8).JPG,229972.0,d24036632b39ffb39a265622882912b63b774931a5da8011800e3f7415c839a3,wolf
/home/linus/Documents/FIT/semester_3/project_semester/wb_hnee/mj_23_24_wolf/01_Auslesung_Dez-2023__2023-10-17__04-19-05(10).JPG,228150.0,ff3e257d450bb76f69d84a35435865b2087fe1a0e9fd66bba4a49b5d0853d2e0,wolf
/home/linus/Documents/FIT/semester_3/project_semester/wb_hnee/mj_23_24_wolf/01_Auslesung_Dez-2023__2023-10-17__04-19-05(9).JPG,229745.0,24821cc120acb9a8779ab70b20c72b183d4c5d97197d5ce04aa61bb380b17c64,wolf
/home/linus/Documents/FIT/semester_3/project_semester/wb_hnee/mj_23_24_wolf/01_Auslesung_Dez-2023__2023-10-17__04-19-06(11).JPG,229745.0,e9ee143969119e78a14c4eef41b01b9a053afe80122d8240bd0669b71f8f6d8c,wolf
/home/linus/Documents/FIT/semester_3/project_semester/wb_hnee/mj_23_24_wolf/01_Auslesung_Dez-2023__2023-10-17__04-19-07(12).JPG,230700.0,85629417e97e80cfdfc48e8d695ad205297dd427feb16bb2c6fadd4a15002c27,wolf
/home/linus/Documents/FIT/semester_3/project_semester/wb_hnee/mj_23_24_wolf/01_Auslesung_Dez-2023__2023-10-17__04-19-07(13).JPG,231205.0,f9144c44da29780bd8f21f0042c36d8a85132a7480a88e90c533f7eef7da51cb,wolf
/home/linus/Documents/FIT/semester_3/project_semester/wb_hnee/mj_23_24_wolf/01_Auslesung_Dez-2023__2023-10-17__04-19-41(14).JPG,228753.0,847fc907a0a30ac32219e4198063a716f2f90ec8b4a81a6b2b9e209fa739a5ff,wolf
/home/linus/Documents/FIT/semester_3/project_semester/wb_hnee/mj_23_24_wolf/01_Auslesung_Dez-2023__2023-10-17__04-19-41(15).JPG,227534.0,912f3a296ae547bc66716b8a845398705e4856cdfd3b7dc7bc197d036e2151cd,wolf
/home/linus/Documents/FIT/semester_3/project_semester/wb_hnee/mj_23_24_wolf/01_Auslesung_Dez-2023__2023-10-17__04-19-42(16).JPG,228735.0,7848923385ff3e897d5efd922432c3600807fb278c1f8c4437f9b84070549647,wolf
/home/linus/Documents/FIT/semester_3/project_semester/wb_hnee/mj_23_24_wolf/01_Auslesung_Dez-2023__2023-10-17__04-19-42(17).JPG,228436.0,0e7b537e5fe4112416a266df9f7b2c33c49e413b97e3b381b86a66fd4db49359,wolf
/home/linus/Documents/FIT/semester_3/project_semester/wb_hnee/mj_23_24_wolf/01_Auslesung_Dez-2023__2023-10-17__04-19-43(18).JPG,228726.0,b772ef4a0239c7cdf2a0c61d2f4ea6031e209faf000bdd686880f44b60333e45,wolf
/home/linus/Documents/FIT/semester_3/project_semester/wb_hnee/mj_23_24_wolf/01_Auslesung_Dez-2023__2023-10-17__04-19-49(19).JPG,227973.0,7ba0970c463712bbac1d9069cb58f276560722114cb9e1534c300e83cf10ce63,wolf
/home/linus/Documents/FIT/semester_3/project_semester/wb_hnee/mj_23_24_wolf/01_Auslesung_Dez-2023__2023-10-17__04-19-50(20).JPG,229161.0,58a451159004e71346b848fb2042c9a82cb060741b60d9803f240b5463298af6,wolf
/home/linus/Documents/FIT/semester_3/project_semester/wb_hnee/mj_23_24_wolf/01_Auslesung_Dez-2023__2023-10-17__04-19-50(21).JPG,229968.0,7465a1b16bdb2c21ee21847d1924ef34a857198c7c0469a1324ed8a60b5fc8aa,wolf
/home/linus/Documents/FIT/semester_3/project_semester/wb_hnee/mj_23_24_wolf/01_Auslesung_Dez-2023__2023-10-17__04-19-51(22).JPG,229777.0,a6f5a8f3c94fccc3a3e7264d2c79a560e3215864b36f3aabf3861aca45d27285,wolf
/home/linus/Documents/FIT/semester_3/project_semester/wb_hnee/mj_23_24_wolf/01_Auslesung_Dez-2023__2023-10-17__04-19-51(23).JPG,229400.0,6947b684603d469ad8d0d152b1749944287e6731d37b049e116cf390a38b1974,wolf
/home/linus/Documents/FIT/semester_3/project_semester/wb_hnee/mj_23_24_wolf/01_Auslesung_Dez-2023__2023-10-17__04-19-53(24).JPG,228677.0,9224f9aee633dc04a4589bb90f4575ae43c304507324533193455df49d717d76,wolf
/home/linus/Documents/FIT/semester_3/project_semester/wb_hnee/mj_23_24_wolf/01_Auslesung_Dez-2023__2023-10-17__05-07-14(1).JPG,108873.0,b2a098e3c3c5cbdd184725300f906f7c0f996d24595e70a8b1604b69c691bf93,wolf
/home/linus/Documents/FIT/semester_3/project_semester/wb_hnee/mj_23_24_wolf/01_Auslesung_Dez-2023__2023-10-17__05-07-14(2).JPG,108386.0,7be4fcf70a2ca610af4b9464d7f34f500e76b4ccad2f2fbedf366743845c1249,wolf
/home/linus/Documents/FIT/semester_3/project_semester/wb_hnee/mj_23_24_wolf/01_Auslesung_Dez-2023__2023-10-17__05-07-15(3).JPG,108027.0,a25434a6f5748d5675c9647fa584c8043de54246a7fb2c2c64ef42689d8228fe,wolf
/home/linus/Documents/FIT/semester_3/project_semester/wb_hnee/mj_23_24_wolf/01_Auslesung_Dez-2023__2023-10-17__05-07-16(4).JPG,108241.0,4bde544a40e510d2549f37858e4faf4781f21587f289c4dd2bc29187e8570fed,wolf
/home/linus/Documents/FIT/semester_3/project_semester/wb_hnee/mj_23_24_wolf/01_Auslesung_Dez-2023__2023-10-21__22-59-55(1).JPG,3416414.0,252a924d352a61862a5b9cc06f5a3e1ea9a82af6a49d86a55a8a6f6a11455a43,wolf
/home/linus/Documents/FIT/semester_3/project_semester/wb_hnee/mj_23_24_wolf/01_Auslesung_Dez-2023__2023-10-21__22-59-56(2).JPG,3417106.0,0710fc55dc67ec1ffa532f05b89cd42db491e34576bc0a9a6f029b5d7236fe3d,wolf
/home/linus/Documents/FIT/semester_3/project_semester/wb_hnee/mj_23_24_wolf/01_Auslesung_Dez-2023__2023-10-21__22-59-56(3).JPG,3409440.0,c72a8759e14cd4910707017a280f3cde48a901364efbb204085d6b7c2d5a64ce,wolf
/home/linus/Documents/FIT/semester_3/project_semester/wb_hnee/mj_23_24_wolf/01_Auslesung_Dez-2023__2023-10-21__22-59-56(4).JPG,3413791.0,edfca45a1bbc8e0bf8d2ada7d456c3fcb4a1215985d0c3360e449edfe5d451cc,wolf
/home/linus/Documents/FIT/semester_3/project_semester/wb_hnee/mj_23_24_wolf/01_Auslesung_Dez-2023__2023-10-21__22-59-57(5).JPG,3409148.0,1f09dbe1b05ac052fd0b7fca46a87515dbc30462197c14848f4acd8fc1b6cc4e,wolf
/home/linus/Documents/FIT/semester_3/project_semester/wb_hnee/mj_23_24_wolf/01_Auslesung_Dez-2023__2023-10-21__23-01-38(1).JPG,3402991.0,0a23170ef9c14717c369adf36a52f39fbf0a9b65e24bbec296e2f0648c78cc3d,wolf
/home/linus/Documents/FIT/semester_3/project_semester/wb_hnee/mj_23_24_wolf/01_Auslesung_Dez-2023__2023-10-21__23-01-39(2).JPG,3393307.0,dcda5a393dff3b2d53a7fd64715901ac3c21b58ac1976663b49c3f927514e5e9,wolf
/home/linus/Documents/FIT/semester_3/project_semester/wb_hnee/mj_23_24_wolf/01_Auslesung_Dez-2023__2023-10-21__23-01-39(3).JPG,3391393.0,7baa4e1836e3dc1a2de6ffb9cea49ab05cc31dcc4f769e11e597aeae1368ff8b,wolf
/home/linus/Documents/FIT/semester_3/project_semester/wb_hnee/mj_23_24_wolf/01_Auslesung_Dez-2023__2023-10-21__23-01-39(4).JPG,3391642.0,7487f9dc7da54cfd3554b38757f024a45a595f7bbdfcb3737b74485bf7cf2505,wolf
/home/linus/Documents/FIT/semester_3/project_semester/wb_hnee/mj_23_24_wolf/01_Auslesung_Dez-2023__2023-10-21__23-01-40(5).JPG,3389942.0,fa6b0ccfc4d271e931153273c4f727a01cfb8b5371f4088921da2bc0cb961e33,wolf
/home/linus/Documents/FIT/semester_3/project_semester/wb_hnee/mj_23_24_wolf/01_Auslesung_Dez-2023__2023-10-21__23-03-07(1).JPG,3427390.0,19efd5bf2750256f6557b3067119523a4f696683083dfdd08049bb7b07614e99,wolf
/home/linus/Documents/FIT/semester_3/project_semester/wb_hnee/mj_23_24_wolf/01_Auslesung_Dez-2023__2023-10-21__23-03-07(2).JPG,3422454.0,94d3fedb5977a8d00208b80bc81df56f285089bd0708694e54947855acc8a3dc,wolf
/home/linus/Documents/FIT/semester_3/project_semester/wb_hnee/mj_23_24_wolf/01_Auslesung_Dez-2023__2023-10-21__23-03-08(3).JPG,3416834.0,166534bf980c7697d7ccac7fa152ef59d157cfb9735efcf5880b90db39abcf02,wolf
/home/linus/Documents/FIT/semester_3/project_semester/wb_hnee/mj_23_24_wolf/01_Auslesung_Dez-2023__2023-10-21__23-03-08(4).JPG,3419303.0,c962f86765354016922b225b3b5fb7daa5804a261a2b039a3fa6391909ee3238,wolf
/home/linus/Documents/FIT/semester_3/project_semester/wb_hnee/mj_23_24_wolf/01_Auslesung_Dez-2023__2023-10-21__23-03-08(5).JPG,3417092.0,0a56e40e2d1fd6fd80799ac1a09d5584f6e6ad53e32f51a6c70e86e0fe326db8,wolf
/home/linus/Documents/FIT/semester_3/project_semester/wb_hnee/mj_23_24_wolf/01_Auslesung_Dez-2023__2023-10-21__23-04-13(1).JPG,3416384.0,2897e17f3cf0a01ae48836be9d3ee4d33b7fdcc549e3a352eea96c65f8835191,wolf
/home/linus/Documents/FIT/semester_3/project_semester/wb_hnee/mj_23_24_wolf/01_Auslesung_Dez-2023__2023-10-21__23-04-13(2).JPG,3425227.0,ace4beffd01a3811d6431cf5f48caf638a399f21014f24eca4a10362a86ad520,wolf
/home/linus/Documents/FIT/semester_3/project_semester/wb_hnee/mj_23_24_wolf/01_Auslesung_Dez-2023__2023-10-21__23-04-14(3).JPG,3412632.0,4f9f5677eeaaf39503f49891c3f331cac5fbb4916054bd6de00643ca7f9559fd,wolf
/home/linus/Documents/FIT/semester_3/project_semester/wb_hnee/mj_23_24_wolf/01_Auslesung_Dez-2023__2023-10-21__23-04-14(4).JPG,3416483.0,368fad672073eeebb0fd12e393c6a2a529a82a7de31509f8d5bd261dbcb830ac,wolf
/home/linus/Documents/FIT/semester_3/project_semester/wb_hnee/mj_23_24_wolf/01_Auslesung_Dez-2023__2023-10-21__23-04-14(5).JPG,3415536.0,146ba3fb04704ac99cefc0f357f9c043aa9d7ff5d920300d7d84fd3afe3c0124,wolf
/home/linus/Documents/FIT/semester_3/project_semester/wb_hnee/mj_23_24_wolf/01_Auslesung_Dez-2023__2023-11-18__20-14-34(1).JPG,3393790.0,3d1221a0635ca82230758d26150619f80783d1e8314fe8c53db38107176a6f89,wolf
/home/linus/Documents/FIT/semester_3/project_semester/wb_hnee/mj_23_24_wolf/01_Auslesung_Dez-2023__2023-11-18__20-14-34(2).JPG,3399708.0,c4f8c4fccd16685b6574c84e0946f5e3871cc30ac26fe0d9f91456d49d8645d1,wolf
/home/linus/Documents/FIT/semester_3/project_semester/wb_hnee/mj_23_24_wolf/01_Auslesung_Dez-2023__2023-11-18__20-14-35(3).JPG,3385486.0,f5008bc751c4b3331e654b3c6e95245b2daf992fece962a3845ec74639602d82,wolf
/home/linus/Documents/FIT/semester_3/project_semester/wb_hnee/mj_23_24_wolf/01_Auslesung_Dez-2023__2023-11-18__20-14-35(4).JPG,3379926.0,7f0874dbc6138124a27a2de85cda141f1d63c941b2b0a551843d3e0a6f678d1a,wolf
/home/linus/Documents/FIT/semester_3/project_semester/wb_hnee/mj_23_24_wolf/01_Auslesung_Dez-2023__2023-11-18__20-14-36(5).JPG,3386223.0,e7cf7e94daa61b065caf4c2ee270299c2405eba2b86f9178286d9af7e5686782,wolf
/home/linus/Documents/FIT/semester_3/project_semester/wb_hnee/mj_23_24_wolf/01_Auslesung_Dez-2023__2023-11-18__20-15-29(1).JPG,3378160.0,54c558b73109b6723ec7738135289edd834a9a6b18f4f51a67487c4063a1f381,wolf
/home/linus/Documents/FIT/semester_3/project_semester/wb_hnee/mj_23_24_wolf/01_Auslesung_Dez-2023__2023-11-18__20-15-29(2).JPG,3388353.0,aa5fa0acc05e0ca5c0cc01812da50684c55589aca4c04bb32980895b5ae08243,wolf
/home/linus/Documents/FIT/semester_3/project_semester/wb_hnee/mj_23_24_wolf/01_Auslesung_Dez-2023__2023-11-18__20-15-29(3).JPG,3382824.0,ab606cc93316eabed01490a626552f761226184db98cb941d8f6b49536783fb1,wolf
/home/linus/Documents/FIT/semester_3/project_semester/wb_hnee/mj_23_24_wolf/01_Auslesung_Dez-2023__2023-11-18__20-15-30(4).JPG,3379691.0,35b5844213fe3da96846ca641b1f576f5c4f03ba52dd0ea21b88468d16e12df5,wolf
/home/linus/Documents/FIT/semester_3/project_semester/wb_hnee/mj_23_24_wolf/01_Auslesung_Dez-2023__2023-11-18__20-15-30(5).JPG,3374406.0,8e3b649055af0625268a56912327e8aeed5f5e9da48650e4916e535f75a73cc8,wolf
/home/linus/Documents/FIT/semester_3/project_semester/wb_hnee/mj_23_24_wolf/01_Auslesung_Dez-2023__2023-11-18__20-16-14(1).JPG,3372715.0,50acc887095c360d8b046977bfb172690d9cf3ee0a315ee3950d732c544cfc3b,wolf
/home/linus/Documents/FIT/semester_3/project_semester/wb_hnee/mj_23_24_wolf/01_Auslesung_Dez-2023__2023-11-18__20-16-15(2).JPG,3358726.0,14503285bb8d679302d9844af8e526b9347302acbf5f2e51faec5378ba7d0a84,wolf
/home/linus/Documents/FIT/semester_3/project_semester/wb_hnee/mj_23_24_wolf/01_Auslesung_Dez-2023__2023-11-18__20-16-15(3).JPG,3356466.0,28b9a6c534a60125dc82a7a0ebbf1d61e1351377b2cc35b29003f7322fb714be,wolf
/home/linus/Documents/FIT/semester_3/project_semester/wb_hnee/mj_23_24_wolf/01_Auslesung_Dez-2023__2023-11-18__20-16-15(4).JPG,3364335.0,ce0153f09a9dfd8f565814a183e795ade2b0bc76ca2767891f34963d6c6e127a,wolf
/home/linus/Documents/FIT/semester_3/project_semester/wb_hnee/mj_23_24_wolf/01_Auslesung_Dez-2023__2023-11-18__20-16-16(5).JPG,3362490.0,9ca90c50e847411197cc3f55d6acee14b8d4a98842743616f44de7594493180b,wolf
/home/linus/Documents/FIT/semester_3/project_semester/wb_hnee/mj_23_24_wolf/01_Auslesung_Dez-2023__2023-11-18__20-17-08(1).JPG,3388754.0,f80939653897106ea5fd8c77edf6eb9cb6820f59880debe1ac9c9cb8aeea9193,wolf
/home/linus/Documents/FIT/semester_3/project_semester/wb_hnee/mj_23_24_wolf/01_Auslesung_Dez-2023__2023-11-18__20-17-09(2).JPG,3383790.0,0281d3d705c11faf0e841051a15e79c9cdff9151edd7bdf9e8be0709b64d1968,wolf
/home/linus/Documents/FIT/semester_3/project_semester/wb_hnee/mj_23_24_wolf/01_Auslesung_Dez-2023__2023-11-18__20-17-09(3).JPG,3385867.0,80597543e5f03955f4539eb2532bef77e0f1032e478262582379d658ac51dfeb,wolf
/home/linus/Documents/FIT/semester_3/project_semester/wb_hnee/mj_23_24_wolf/01_Auslesung_Dez-2023__2023-11-18__20-17-09(4).JPG,3384704.0,9a1a422e6c4aaeb5e879d372878c9615b8f864fe28ca751095e79afca3c66bda,wolf
/home/linus/Documents/FIT/semester_3/project_semester/wb_hnee/mj_23_24_wolf/01_Auslesung_Dez-2023__2023-11-18__20-17-10(5).JPG,3380998.0,aa5a854956c891f5d3fbe9ec3056c65ced54e17babd39c94b8077281eb6db44a,wolf
/home/linus/Documents/FIT/semester_3/project_semester/wb_hnee/mj_23_24_wolf/01_Auslesung_Dez-2023__2023-11-19__19-14-28(1).JPG,3400736.0,c28c084ba5ae5bced4ad75958ad2bfaea79849d69b2bb5544c4a07c925525ac6,wolf
/home/linus/Documents/FIT/semester_3/project_semester/wb_hnee/mj_23_24_wolf/01_Auslesung_Dez-2023__2023-11-19__19-14-28(2).JPG,3407975.0,46c931883c739061eb6baf4d90c53e32993200a2aed12c800d022234602548b1,wolf
/home/linus/Documents/FIT/semester_3/project_semester/wb_hnee/mj_23_24_wolf/01_Auslesung_Dez-2023__2023-11-19__19-14-28(3).JPG,3392949.0,e4e196f1892f18a1c26acffa417c789c280ea000d8b1f951040210a58fbc6adb,wolf
/home/linus/Documents/FIT/semester_3/project_semester/wb_hnee/mj_23_24_wolf/01_Auslesung_Dez-2023__2023-11-19__19-14-29(4).JPG,3391579.0,09d5e6f68982f96332c47ff186503d7243472c20f74c5f17b77c4a4b97c8a91e,wolf
/home/linus/Documents/FIT/semester_3/project_semester/wb_hnee/mj_23_24_wolf/01_Auslesung_Dez-2023__2023-11-19__19-14-29(5).JPG,3393926.0,d3c228fabc9f0c349723c517d81aa7bc7e171c23cbf2fac5ab2afaa250d4013f,wolf
/home/linus/Documents/FIT/semester_3/project_semester/wb_hnee/mj_23_24_wolf/01_Auslesung_Dez-2023__2023-11-19__19-15-16(1).JPG,3401627.0,e43e0906361cb0918371fecf479db9a0c515d05b89945dbe6a826d466a2024cd,wolf
/home/linus/Documents/FIT/semester_3/project_semester/wb_hnee/mj_23_24_wolf/01_Auslesung_Dez-2023__2023-11-19__19-15-16(2).JPG,3398431.0,9a31f66deb91c2df69e3fe3977c16f8f2855ea4491ff0340f3889a368cd31057,wolf
/home/linus/Documents/FIT/semester_3/project_semester/wb_hnee/mj_23_24_wolf/01_Auslesung_Dez-2023__2023-11-19__19-15-17(3).JPG,3387838.0,b3a5e6d47fee3505296d8164924f10ccd8ec6422618a259416e4d2587500d727,wolf
/home/linus/Documents/FIT/semester_3/project_semester/wb_hnee/mj_23_24_wolf/01_Auslesung_Dez-2023__2023-11-19__19-15-17(4).JPG,3389445.0,a73a6dfacb3222e85f5c7f89425c8a13a25a6099bed4cb45fe7e0b5dc4f57e7c,wolf
/home/linus/Documents/FIT/semester_3/project_semester/wb_hnee/mj_23_24_wolf/01_Auslesung_Dez-2023__2023-11-19__19-15-17(5).JPG,3391258.0,d1333b40de4ddbd67025e419bf4f0f4334a8ae98292056e7be758297cc751dd9,wolf
/home/linus/Documents/FIT/semester_3/project_semester/wb_hnee/mj_23_24_wolf/01_Auslesung_Dez-2023__2023-11-20__01-38-00(1).JPG,193924.0,da842bec206db7d38bae614d226d366d8b2dba929e1850d464dea5bb64134dba,wolf
/home/linus/Documents/FIT/semester_3/project_semester/wb_hnee/mj_23_24_wolf/01_Auslesung_Dez-2023__2023-11-20__01-38-01(2).JPG,194651.0,737453e8e0fd1827d89567aaa5af5b6d62ca219f0eaa63ab88134303712c229b,wolf
/home/linus/Documents/FIT/semester_3/project_semester/wb_hnee/mj_23_24_wolf/01_Auslesung_Dez-2023__2023-11-20__01-38-02(3).JPG,156242.0,502f7566c9c5c9e5f213c25ea8a9f3d18e19f3454e064181d880e36080cc9ea5,wolf
/home/linus/Documents/FIT/semester_3/project_semester/wb_hnee/mj_23_24_wolf/01_Auslesung_Dez-2023__2023-11-20__01-38-03(4).JPG,200561.0,94e9b169020821a28ff515860d132e9b9b31c6b9472a740ae74ffacd053a54d2,wolf
/home/linus/Documents/FIT/semester_3/project_semester/wb_hnee/mj_23_24_wolf/01_Auslesung_Dez-2023__2023-11-20__01-38-03(5).JPG,157367.0,7e4c2a6d4e00ceb04948c8fb1645cbd96e420ef6cb64574eaf43a97f6f02bed4,wolf
/home/linus/Documents/FIT/semester_3/project_semester/wb_hnee/mj_23_24_wolf/01_Auslesung_Dez-2023__2023-12-06__06-00-24(1).JPG,193359.0,229c194605a7f2684088d295a4fe250a0a907b41cf6483d0334698b25599a4d2,wolf
/home/linus/Documents/FIT/semester_3/project_semester/wb_hnee/mj_23_24_wolf/01_Auslesung_Dez-2023__2023-12-06__06-00-25(2).JPG,194864.0,b882467316ffa7ac6413cc1e43e7ec7235bb6bfea08a8a26f1587c5bd4db4ee8,wolf
/home/linus/Documents/FIT/semester_3/project_semester/wb_hnee/mj_23_24_wolf/01_Auslesung_Dez-2023__2023-12-06__06-00-26(3).JPG,194912.0,e2540d2b8a3dc62e34a944bfefe05804ce3c26967d758657d539220316bf979e,wolf
/home/linus/Documents/FIT/semester_3/project_semester/wb_hnee/mj_23_24_wolf/01_Auslesung_Dez-2023__2023-12-06__06-00-26(4).JPG,194617.0,d59f057484ef7c66c265416355bef152856523faf3659ca5135ce3b9595d98d7,wolf
/home/linus/Documents/FIT/semester_3/project_semester/wb_hnee/mj_23_24_wolf/01_Auslesung_Dez-2023__2023-12-06__06-00-27(5).JPG,194282.0,64b6d67f8be944ee5eb4f419b50f884bee15e920832af988e60730816011b0c6,wolf
/home/linus/Documents/FIT/semester_3/project_semester/wb_hnee/mj_23_24_wolf/01_Auslesung_Dez-2023__2023-12-06__06-00-28(6).JPG,193529.0,f36b94775a4344e100dfc6ac6463d8ac97897c4dd3ceacd6e3f64fd863a6822b,wolf
/home/linus/Documents/FIT/semester_3/project_semester/wb_hnee/mj_23_24_wolf/01_Auslesung_Dez-2023__2023-12-06__06-00-29(7).JPG,194315.0,5eb00a5139dd1bd2b5bcf3724a0e9d89cd558f35b6c99984cc47bb47e9adebb3,wolf
/home/linus/Documents/FIT/semester_3/project_semester/wb_hnee/mj_23_24_wolf/01_Auslesung_Dez-2023__2023-12-06__06-00-29(8).JPG,194080.0,099cabd58fae616b935b369ca622cf2aaa602b89fbaa3f3b288fe131704468a5,wolf
/home/linus/Documents/FIT/semester_3/project_semester/wb_hnee/mj_23_24_wolf/01_Auslesung_Dez-2023__2023-12-06__06-00-37(9).JPG,194717.0,2e3e8c1f597bc8ef952f2f46b41ccdd147ee781b4ff8a31d9adf62e6063fa5fb,wolf
/home/linus/Documents/FIT/semester_3/project_semester/wb_hnee/mj_23_24_wolf/01_Auslesung_Dez-2023__2023-12-06__06-00-39(10).JPG,194241.0,0a37c06ecde185f36ab99cfb0418605abe961a5e47d0d6581d371d664282f41f,wolf
/home/linus/Documents/FIT/semester_3/project_semester/wb_hnee/mj_23_24_wolf/01_Auslesung_Dez-2023__2023-12-06__06-00-40(11).JPG,193959.0,f54a9d52554daf3ec39a6e61dc51439d36b43687ee013d410de9d21c1fe8a812,wolf
/home/linus/Documents/FIT/semester_3/project_semester/wb_hnee/mj_23_24_wolf/02_Auslesung_April-2024__2024-02-09__07-55-22(1).JPG,302532.0,7c4ea7931d07e97d9f58c85805417e0b95a2fd9335f1ba22d72d175c58fb2b56,wolf
/home/linus/Documents/FIT/semester_3/project_semester/wb_hnee/mj_23_24_wolf/02_Auslesung_April-2024__2024-02-09__07-55-23(2).JPG,303874.0,42553399a2b9e1cf9954fda565a86d138e41cd4930a6fb5476b5a76835e0752d,wolf
/home/linus/Documents/FIT/semester_3/project_semester/wb_hnee/mj_23_24_wolf/02_Auslesung_April-2024__2024-02-09__07-55-23(3).JPG,304882.0,c10cd9e0910edd147b6e3ec1050099d908f2cedaba2d732a47151c6a6ab7d736,wolf
/home/linus/Documents/FIT/semester_3/project_semester/wb_hnee/mj_23_24_wolf/02_Auslesung_April-2024__2024-02-09__07-55-24(4).JPG,304526.0,e904fc645b190a9a32076444ecbe696643eb46aeafeced2d908ef5c6e46b8c98,wolf
/home/linus/Documents/FIT/semester_3/project_semester/wb_hnee/mj_23_24_wolf/02_Auslesung_April-2024__2024-02-09__07-55-24(5).JPG,304570.0,2cfb088fc4e664534d55da1adf5a16fd5b5986baacb38dc0e2d71660a5b145d2,wolf
/home/linus/Documents/FIT/semester_3/project_semester/wb_hnee/mj_23_24_wolf/02_Auslesung_April-2024__2024-03-13__06-34-28(1).JPG,4275696.0,4664e8252f8820ed74ee95013e66e58f7fdc8fd5205c27f54d3b7aa6ffee2e86,wolf
/home/linus/Documents/FIT/semester_3/project_semester/wb_hnee/mj_23_24_wolf/02_Auslesung_April-2024__2024-03-18__19-21-11(1).JPG,3372862.0,fde1555e037b37e4e365dafecc87853555e8e9c8d606e6622f234b2cae24d1e2,wolf
/home/linus/Documents/FIT/semester_3/project_semester/wb_hnee/mj_23_24_wolf/02_Auslesung_April-2024__2024-03-18__19-21-11(2).JPG,3361945.0,136d349d8b987102d80ed1b508ba08a3faf1f49a47c1929fb994bfc3f83fdbed,wolf
/home/linus/Documents/FIT/semester_3/project_semester/wb_hnee/mj_23_24_wolf/02_Auslesung_April-2024__2024-03-18__19-21-12(3).JPG,3364685.0,7e1518af21501d587c133586eb0ce4f1ae1ce17b2fc8bbd3669ad1b388e5648a,wolf
/home/linus/Documents/FIT/semester_3/project_semester/wb_hnee/mj_23_24_wolf/02_Auslesung_April-2024__2024-03-18__19-21-12(4).JPG,3360908.0,eb364666aad400bf55f47278c8f55cca38a04f8ba8028ac2d4b0a82b44212796,wolf
/home/linus/Documents/FIT/semester_3/project_semester/wb_hnee/mj_23_24_wolf/02_Auslesung_April-2024__2024-03-18__19-21-12(5).JPG,3357866.0,c377974704a198f646118a71b4258f570bf40832876dfa9cf8dfd0ff67a397e2,wolf
/home/linus/Documents/FIT/semester_3/project_semester/wb_hnee/mj_23_24_wolf/02_Auslesung_April-2024__2024-03-18__19-22-45(1).JPG,3358648.0,bd6df72e61f422034e02f3b50dab6400000497644032770f1a5fc77617bf0bc4,wolf
/home/linus/Documents/FIT/semester_3/project_semester/wb_hnee/mj_23_24_wolf/02_Auslesung_April-2024__2024-03-18__19-22-46(2).JPG,3351267.0,be7afb8e459c29c520eeb988c566da2245946dec7b49cd18e5d457d81fcebbdd,wolf
/home/linus/Documents/FIT/semester_3/project_semester/wb_hnee/mj_23_24_wolf/02_Auslesung_April-2024__2024-03-18__19-22-46(3).JPG,3348738.0,bf2671e2324ffe7e9ddbe96e8e71f0fb32834c5a5522dcaa44140fdab881df3e,wolf
/home/linus/Documents/FIT/semester_3/project_semester/wb_hnee/mj_23_24_wolf/02_Auslesung_April-2024__2024-03-18__19-22-46(4).JPG,3356524.0,051e0d51e0c5062f80677981c0e0ff7f3e025f9fa001e7cb09ef188c27b7a80b,wolf
/home/linus/Documents/FIT/semester_3/project_semester/wb_hnee/mj_23_24_wolf/02_Auslesung_April-2024__2024-03-18__19-22-47(5).JPG,3349918.0,52bb634f5fbaef65d194ff0c3cec8b7f802fb20cef34f4171ccca7a8f2ec8f11,wolf
